名前,番号,ページ,質問,回答キャラ,回答,解説,東西
脇坂安治,1,3,ワシが高虎殿に贈ったのはなんじゃ？,ハマボウ1,"<span class=""A"">貞秀の太刀</span>だよね。たしか藤堂高虎さんからもらったって言ってましたよね。",その通り！  ワシと同じように裏切った朽木、赤座、小川の奴らは皆、減封や改易の憂き目にあったからな、据え置きになるよう図らってくれた高虎殿には頭が上がらぬわ。持つべきはやはり友じゃな！,西軍
小早川秀秋,2,5,僕が陣取ったのはどこ？,シュン1,"<span class=""A"">松尾山</span>だ！　関ヶ原の南側にある山だったはずだぜ。",そうだ。よく覚えていてくれたね。僕が陣を張った松尾山には小さな砦があったんだけど、僕はそこを奪い取って石田三成や大谷吉継を待ったんだよ。大垣城の背後を取られた以上、三成たちは関ヶ原に出てくるしかないからね。,西軍
長宗我部盛親,3,7,俺の親父は誰か分かるか？　分かったら答えてくれ,シオリン1,"えーっと、たしか……元親、<span class=""A"">長宗我部元親</span>って言っていたような気がするわ！",おっ、俺の親父のこともちゃんと覚えていてくれたようだな。親父は土佐の出来人って言って、豊臣秀吉が四国に来なければ、あとちょっとで四国全土に手が届くぐらいまで勢力を広げたんだ。土佐のみんなは元気にしているだろうか……。,西軍
吉川広家,4,9,俺が陣取ったのはどこか分かるか？,シュン1,"たしか……<span class=""A"">南宮山の麓</span>って言っていたと思うぜ。",その通り。俺がいた南宮山は東軍が布陣した場所の後ろにある。もし、俺の後ろにいた毛利秀元や長宗我部盛親が出撃していたら背後を突かれていた東軍は大混乱になっていただろうが、俺はそれを推し留めて東軍勝利に貢献してやったのさ。そのおかげで毛利は減封で済んだんだ。,西軍
毛利勝永,5,11,関ヶ原の14、15年後にあった戦いと言えばなんだ？,ハマボウ1,"関ヶ原の14、15年後といえは1614、1615年……。<span class=""A"">大坂の陣</span>でしたよね。たしか冬と夏に分かれていたはず……。",よく知っているではないか。関ヶ原が終わっても依然我らが豊臣家は生き残っていたからな。家康は豊臣にとどめを刺そうとしたのだ。関ヶ原を戦った私、長宗我部盛親、明石全登、後藤又兵衛そして第2次上田合戦で活躍した真田幸村の5人で中心となって戦ったぞ。,西軍
安国寺恵瓊,6,13,拙僧の本業は何であろうか？,ハマボウ1,"そのまま<span class=""A"">僧</span>……なんじゃないんですか？",はっ……拙僧、答えを口にしてしまっていた……。そう、戦国大名の下で働いた僧たちは、寺で学んだ豊富な知識を持っている者たちという扱いを受けて、外交に政治に活躍した。中にはさながら軍師のような働きを見せた者もいると聞く。,西軍
毛利秀元,7,15,僕たち毛利は関ヶ原の後、何藩になったかな？,シオリン1,"毛利といえば、<span class=""A"">長州藩</span>よね。毛利敬親さんとか有名だわ。",おっ、僕の子孫の敬親を知ってるのか。嬉しいね。敬親はあの高杉晋作とか吉田松陰を抜擢しただけじゃなくて、第1次と第2次長州戦争の時に、長州藩を守る決断をしたんだ。長州藩の人たちは後の明治維新でも活躍するね。ちなみに長州藩の中にもいくつかの藩があったんだよ。,西軍
毛利輝元,8,17,総大将のワシは関ヶ原に行ったじゃろうか？,シュン1,"関ヶ原には<span class=""A"">行っていなかった</span>はずだぜ。指揮は石田三成が執って、毛利の兵は養子の秀元が率いたと思うぜ。",なかなか詳しいではないか。一応、徳川家康に対抗するにあたってワシも出撃することになっていたのだが、大坂城にいた家康の残党たちをどかして、西国での西軍の動きを監督するのに忙しかったのじゃ。関ヶ原の方は吉川広家と小早川秀秋がなんとかしてくれると思ったのじゃがなぁ……。,西軍
宇喜多秀家,9,19,私の家臣といえば誰だと思うか？,シュン1,"秀家さんなら、たくさん家臣いると思うけど、ここは関ヶ原の時に軍師みたいな存在感があった<span class=""A"">明石全登</span>さんかな？",そうだね、君の言う通り、宇喜多にはたくさんの家臣がいたんだけれど、関ヶ原の直前に起きた宇喜多騒動で、多くの家臣が宇喜多を見限っていなくなってしまったんだ。でも、明石全登は宇喜多に残ってくれて関ヶ原の時も手伝ってくれたよ。あの後、どうしたんだろう……？,西軍
明石全登,10,21,私は誰の配下だったか分かるだろうか？,シオリン1,"明石さんの主君といえば、<span class=""A"">宇喜多秀家</span>よね。関ヶ原の時には秀家さんの家臣の中でも一二を争うぐらいだったのよね？",その通りだ。関ヶ原の直前に起こった宇喜多騒動という御家騒動のせいで、それまでにいた多くの有力な家臣は離れてしまったのだ。だが、私は父を取り立ててくれたこともあって宇喜多家を離れず、そのために家宰に抜擢されることになった。,西軍
島左近,11,23,俸禄とはなんのことか分かるだろうか？,シオリン1,"多分、<span class=""A"">お給料</span>のことじゃないかしら？",よく知っておるな。俸禄というのは主君から仕事や役職の対価として頂く土地や金、米のことだ。若かりし頃の石田三成殿は、4万石の領地に任じられた時に、その半分の2万石を割いてまで、この私を招いてくださったのだ。,西軍
石田三成,12,25,関ヶ原の戦いの原因は何か答えてみよ,シオリン1,"うーん……、三成さんのお話を聞いていると偶然とも思えるけど、ここは<span class=""A"">豊臣秀吉さんが亡くなった後の皆の意見が合わなかったこと</span>かしら？",難しい問いによくぞ答えてくれた。関ヶ原の戦いは太閤様が亡くなられる前から既にあった諍いが大きくなってしまった結果、東軍と西軍に分かれて争わざるを得なくなったものだったのだ。,西軍
大谷吉継,13,27,我が友と言えば、誰か分かるか？,シオリン1,"もっちろん！ <span class=""A""> 石田三成</span>さんよ！",ふふ、やはり知っておったか。私は同期の者たちの中でも交友関係は広い方だったが、その中でも最も懇意にしていたのが三成だ。亡き太閤様の茶会に出た時に、病気の私の膿が入ってしまった茶を、三成は飲み干してくれて、面目を保ってくれたぐらいだからな。,西軍
平塚為広,14,29,私の子孫といえば、誰か分かりますか？,ハマボウ1,"平塚の苗字で聞いたことがあるのは、<span class=""A"">平塚らいてう</span>ぐらいかなぁ……。",大丈夫、正解ですよ。実は私の300年後の子孫が平塚らいてうなんです。私のような武士ではなく、平民たちが皆で政治をするようになった大正時代から昭和時代にかけて、男性だけではなく、女性も選挙に参加できるように訴え続けた人物だそうですよ。,西軍
小西行長,15,31,ワシのようなキリスト教を信じていた者をなんというか、知っておるか？,ハマボウ1,"戦国時代とか江戸時代にキリスト教を信じていた人と言えば、<span class=""A"">キリシタン</span>だよね。",そうじゃ。フランシスコ・ザビエルが日ノ本にやって来てから、ワシや明石全登殿のようにキリスト教に入った者は増え続けていたのじゃ。黒田長政殿も元はキリシタンだったと聞くぞ。でも豊臣秀吉様はバテレン追放令を出したり、二十六人の宣教師を処刑したり、と時代はキリシタンを認めない方向に動いていたのじゃ。,西軍
島津義弘,16,33,おいん故郷はどっか分かっか？,ハマボウ1,"その口調……<span class=""A"">薩摩国</span>、今の鹿児島県ではないですか？",やっぱい分かりやしか。そう、おいと甥ん島津豊久は薩摩ん生まれだ。島津は薩摩から九州全土を席巻すっ所やったんだが、豊臣秀吉に征伐されてしもてな。関ヶ原ん時は、国許で一揆ん対応しちょった兄貴ん代わりに、はっばっ行たんじゃ。,西軍
島津豊久,17,35,おいたちが使うた、薩摩ならではん戦法はなんじゃ？,ハマボウ1,"関ヶ原の時に使ったのは……<span class=""A"">捨て奸</span>でしたっけ？",そん通り。おいは伯父貴ん島津義弘を薩摩に帰すために、捨て奸ちゅう戦法を使うたんじゃ。火縄銃を持ち、弾を外さんごつ地面に座り込んで迫り来っ敵を撃つど。こいを1人ずつ、けしんだや次んし、けしんだや次んし……と繰り返す。こげん戦法は肝が据わっちょっ薩摩もんじゃなきゃできん。,西軍
大野治長,18,37,私がお傍についていた相手は誰か、答えてみよ。,シュン5,"これは、たしか<span class=""A"">淀殿</span>だったよな。",ちゃんと話を聞いておったようだな。そう、私は淀殿と乳母が同じ乳兄弟だったので、いわば共に育ったということになる。関ヶ原が終わった後、大坂に赴いた時も、淀殿との縁があったので徳川に戻るのではなく豊臣と運命をともにすることを選んだのだ。,東軍
可児才蔵,19,39,私が笹を刺した首級の数は、いくつか答えてみてくれ。,ハマボウ5,"これは……たしか<span class=""A"">17</span>だったような？  17人も討ち取るなんて凄いですね！",ハッハッハッ、細かい所もよく聞いているではないか。そうだ、私は17人も討ち取って見せた。当時それを示すには首実検に首を持っていかなければならなかったのだが、さすがに17の首全てを持っていく訳には参らなかったので笹を刺して示したというわけだ。笹と酒がおなじささと読むから手向けの意味もあったのだ。,東軍
福島正則,20,41,俺様が関ヶ原の後にもらった場所はどこだ？,シュン5,"これは<span class=""A"">広島</span>って言ってたぜ！",ワーハッハッハッ、よく聞いてるじゃねえか小僧！  そうだ、俺は東軍西軍どっちつかずな態度を取って減封された毛利輝元の領地だった広島498000石を手に入れたんだぜ。関ヶ原の前と比べりゃ倍になったんだ。せっかく建てた広島城をそっくりそのまま取られちまうなんて哀れな話だよな。……なんだその顔は、改易の話はもうよしてくれよ……とほほ。,東軍
山内一豊,21,43,関ヶ原の後、手前が転封になった先はどこでごさいましょう？,シュン5,"それは<span class=""A"">土佐国</span>だぜ！  土佐藩になったんだよな！  山内容堂とか聞いたことあるぜ！",天晴れ、その通りでございます。当初は10万石程でしたが実際は20万石以上もあったのですよ。最初は旧領主の長宗我部の残党を治めるのに苦労することになりました。そして、手前の土佐藩はあなたの言う通り、土佐藩最後の藩主山内容堂そして、浪士となった坂本龍馬を初めとして、あの江戸幕府を倒す中核を担ったと聞いておりますよ。,東軍
細川忠興,22,45,俺の最愛の妻の名を答えよ。答えられなければ、どうなるか。分かっているな？,シュン5,"ひえぇぇ……えーと、<span class=""A"">ガラシャ</span>さんですよね。",フン、首の皮は繋がったようだな。そうだガラシャだ。ガラシャはキリスト教に入信した時の洗礼名で、元は本能寺の変で織田信長を討った明智光秀の娘だからな、本名は違うのだ。本名が違うといえば、俺自身も関ヶ原の頃、長岡忠興を名乗っていたな。脳みそに焼き付けておけ。,東軍
細川興元,23,47,僕の兄は誰でしょうか？,シオリン5,"えと……<span class=""A"">細川忠興</span>さんじゃないかしら？",そうだね。名字が同じだから分かりやすかったかな？  僕の兄は気難しい人だったから僕との仲も良いものではなかった、とされるけど、僕と仲が良かったという噂もあって、はっきり言えるものじゃないんだ。僕としても掴みづらい人だったよ。,東軍
柳生宗矩,24,49,江戸幕府において、剣術として認められた儂の流派はなんと言うか、分かるか？,ハマボウ5,"江戸幕府公認の流派といえば<span class=""A"">柳生新陰流</span>ですよね。",その通り。室町時代に生まれた陰流から派生した新陰流を、更に父の宗厳と共に発展させて編み出した流派が柳生新陰流だ。素手で戦う柔術を剣術に組み込んだのが特徴で、儂が得意とした無刀取りも、その範疇にある。,東軍
後藤又兵衛,25,51,俺が得意としていた武器といえば……、分かるだろ？,シュン5,"それは<span class=""A"">槍</span>だよ！  槍の又兵衛って有名だもん！",おぉ！  俺の二つ名までよく知ってるじゃねぇか。俺は朝鮮の役で戦場を共にした母里太兵衛って奴の窮地を救ってやった事があってな、日本号という名槍をもらったんだ。関ヶ原でもそれを持って大暴れ、敵と一騎打ちまでしてやったんだ。ハハハ。,東軍
黒田長政,26,53,福岡の街を築いたのは誰か、答えてみよ。,ハマボウ5,"……それは、<span class=""A"">黒田長政</span>さん、あなたです！",まさか出題者が答えとは思うまいと思ったが……正解だ。400年後の未来では九州一の人口を抱えていると聞いている福岡は、実は私や私の子孫が開発したのだ。元々小早川秀秋が居城にしていた名島は手狭だったので、近くの福崎という所を、我が父祖伝来の地、備前国福岡にちなんで改名したのが始まりだ。,東軍
藤堂高虎,27,55,わしが新しく始めた天守閣の形式はなんというか分かるだろうか？,ハマボウ5,"高虎さんはたしか築城の名手って呼ばれていたような……。あっ、<span class=""A"">層塔式天守</span>じゃないですか？",ふむ……よく聞いておるようだ。作事の見込みがあるな。そう、関ヶ原の後、新しく手に入れた今治城で、わしはそれまでの望楼式天守ではなく、四角形型の構造物を積み上げていく層塔式天守を試したのだ。これが頑丈で無駄がなく、作業の分担もしやすいということで他の城の手本となった。,東軍
池田輝政,28,57,私が改築して、世界遺産となった城はなんだ？,ハマボウ5,"世界遺産の城と言えば、<span class=""A"">姫路城</span>ですよね？",その通り。私は関ヶ原に赴く東軍の通り道にあった三河国吉田から、播磨国姫路に移った。この時、姫路52万石の太守として、徳川の縁戚として、相応しいように大幅な改築を施したのが姫路城だ。白色の漆喰が輝く姫路城は白鷺城の別名もあるぞ。太平洋戦争において幸運にも壊されず、人々の心の支えになったそうだ。,東軍
徳川家康,29,59,関ヶ原から3年後に儂が開いたものはなんじゃ？,シュン5,"これは分かるぜ！　<span class=""A"">江戸幕府</span>だ！",うむ、儂の築いたものが、400年後も知られているなんて嬉しいことじゃ。豊臣秀吉によって生まれ故郷の岡崎を離れて江戸に移った儂じゃが、関ヶ原が終わった頃には数え切れないほどの領地を持っておった。この権勢は日ノ本全ての人々の認める所となり、儂は征夷大将軍に任じられて265年の長きに渡る江戸時代の立役者となったのじゃ。,東軍
松平忠吉,30,61,私の鎧の色は何色だったか、分かりますか？,シュン5,"たしか、<span class=""A"">銀色</span>の鎧を着ていた気がするぜ！",ええ、ご名答です。私は舅で百戦錬磨の井伊直政殿とは対照的な銀色の甲冑を着て関ヶ原に臨みました。そのおかげか初陣でも活躍することができました。風の噂によれば、私の甲冑は今の愛知県名古屋市の徳川美術館に置かれているそうですよ。,東軍
井伊直政,31,63,拙者の井伊隊は何色の軍装が特徴だったか分かるでござるか？,シュン5,"<span class=""A"">赤色</span>だぜ！  井伊の赤備えって有名なんだぜ！",よく知っているでござるな。その通り、我らが井伊は赤備えと呼ばれる赤色の鎧で統一した隊を率いていたのでござる。実は赤備えは徳川と長い間争っていた武田家に仕えていた山県昌景と呼ばれる武将が率いていたのを、武田家滅亡後に引き取ったことが始まりなのでござるよ。厳しい訓練に耐えた我が隊は徳川の主力を成す花形だったのでござる。,東軍
本多忠勝,32,65,俺が肩から提げていたのは何か、答えてみろ！,シオリン5,"はい！  <span class=""A"">金色の大きな数珠</span>です！",よろしい！  俺は三河一向一揆の時に反乱を起こした浄土真宗を見限って、主君徳川家康のために浄土宗に改宗したんだが、こう見えて御仏を深く信じていてな、俺が戦で葬った敵を弔えるようにと身につけていたもんなのさ。,東軍
本多忠朝,33,67,おいらの手に持ってる、コレはなーんだ？,シオリン5,"ちょっと！  その臭いは<span class=""A"">お酒</span>じゃない！  お父さんにダメって言われたんじゃないの？",なんで分かるんだよぉ。そりゃいっつも飲んでるならダメだけど、たまに飲むぐらいならいいじゃないか……って親父にも言ったんだけど、そういう心では勇気があっても大きな失敗に繋がるぞって言われてさ……。ここだけの話、大坂冬の陣で大失敗してるんだよね……。,東軍
本多正純,34,69,私の父は誰か、分かるかい？,ハマボウ5,"本多というと他にも有名な人がいますけど、正の字と雰囲気が<span class=""A"">本多正信</span>さんに通じますよね。",私の父のことだけじゃなくて他の本多のことも知っているなんて凄いな。君の言う通り、本多には本多忠勝殿とかもいるけど、同じ名字でも同じ家という訳ではないんだ。私の父が三河一向一揆の時に裏切った時、同じ本多を名乗らないで欲しい言われたらしいよ。なかなか難しいよね。,東軍