漢字,振り仮名,上の方が優先されます！,最初の順番,文字数
鉄錆地塗蓬糸威革包菱綴桶側二枚胴具足,てつさびじぬりよもぎいとおどしかわつつみひしつづりおけがわにまいどうぐそく,福島正則,272,18
黒塗濃紺糸威革包菱綴桶側二枚胴具足,くろぬりのうこんいとおどしかわつつみひしつづりおけがわにまいどうぐそく,山内一豊,274,17
黒手時代塗本革包菱綴桶側二枚胴具足,くろてじだいぬりほんかわつつみひしつづりおけがわにまいどうぐそく,黒田長政,278,17
三鍬形後立鉄黒漆塗六十二間小星兜,みつくわがたうしろだててつくろうるしぬりろくじゅうにけんこぼしかぶと,小早川秀秋,256,16
鉄錆地塗当世小札黒糸威二枚胴具足,てつさびじぬりとうせいこざねくろいとおどしにまいどうぐそく,石田三成,267,16
緋羅紗地大に渦巻文様切付陣羽織,ひらしゃじだいにうずまきもんようきっつけじんばおり,毛利勝永,262,15
黒手時代塗濃紺威桶側二枚胴具足,くろてじだいぬりのうこんおどしおけがわにまいどうぐそく,藤堂高虎,280,15
伊予札縹糸下散紅糸威胴丸具足,いよざねはなだいとけさんくれないいとおどしどうまるぐそく,脇坂安治,255,14
猩々緋羅紗地違い鎌模様陣羽織,しょうじょうひらしゃじちがいかまもようじんばおり,小早川秀秋,258,14
黒塗緋糸威当世小札胴丸具足,くろぬりひいとおどしとうせいこざねどうまるぐそく,毛利輝元,263,13
黒塗黒糸威伊予札二枚胴具足,くろぬりくろいとおどしいよざねにまいどうぐそく,大谷吉継,269,13
羊歯鍍金前立黒塗大黒頭巾兜,しだときんまえたてくろぬりだいこくずきんかぶと,徳川家康,281,13
朱漆塗紺糸威桶側二枚胴具足,しゅうるしぬりこんいとおどしおけがわにまいどうぐそく,井伊直政,285,13
鳥毛頭立黒手時代塗頭形兜,とりげずだてくろてじだいぬりずなりかぶと,細川忠興,275,12
黒革包濃紺糸威二枚胴具足,くろかわつつみのうこんいとおどしにまいどうぐそく,細川忠興,276,12
丸|に|三|つ|引|き,まる|に|み|つ|ひ|き,,55,11
黒漆塗桃形大水牛脇立兜,くろうるしぬりももなりだいすいぎゅうわきだてかぶと,福島正則,271,11
文治派|<|行|>|,ぶんちは|<|ゆく|>|,,1,10
文治派|<|継|>|,ぶんちは|<|つぐ|>|,,2,10
文治派|<|成|>|,ぶんちは|<|なる|>|,,3,10
この|城|は|後|に,この|しろ|は|のち|に,,54,10
下|に|置|いてある,した|に|お|いてある,,227,10
銀箔押一|の|谷形兜,ぎんぱくおしいち|の|たにがたかぶと,黒田長政,277,10
伊予札黒糸威胴丸具足,いよざねくろいとおどしどうまるぐそく,徳川家康,282,10
丸|に|三|つ|鱗,まる|に|み|つ|うろこ,,63,9
月|の|輪|の|兜,つき|の|わ|の|かぶと,宇喜多秀家,264,9
黒手時代塗唐冠形兜,くろてじだいぬりとうかんむりなりかぶと,藤堂高虎,279,9
牛皮小札黒糸威具足,ぎゅうひこざねくろいとおどしぐそく,本多忠勝,287,9
徳川|の|下|で,とくがわ|の|した|で,,26,8
手|に|入|れて,て|に|い|れて,,66,8
イタイイタイ|病,イタイイタイ|びょう,,130,8
押|し|留|めて,お|し|とど|めて,,197,8
紫糸威二枚胴具足,むらさきいとおどしにまいどうぐそく,小早川秀秋,257,8
金箔押御幣後立兜,きんぱくおしごへいうしろだてかぶと,山内一豊,273,8
銀箔置白糸威具足,ぎんぱくおきしろいとおどしぐそく,松平忠吉,283,8
むしろ|殿|に,むしろ|しんがり|に,,9,7
後|に|開|く,のち|に|ひら|く,,52,7
長門三|つ|星,ながとみ|つ|ぼし,,58,7
丸|に|剣片喰,まる|に|けんかたばみ,,59,7
入|れる|足湯,はい|れる|あしゆ,,129,7
|<|主|>|,|<|しゅ|>|,,131,7
|<|従|>|,|<|じゅう|>|,,132,7
|「|召|」|,|「|しょう|」|,,229,7
赤色|の|前立,あかいろ|の|まえたて,島左近,265,7
乱髪天衝脇立兜,らんぱつてんつきわきだてかぶと,石田三成,266,7
伝可児才蔵甲冑,でんかにさいぞうかっちゅう,可児才蔵,270,7
日本三大水城,にほんさんだいみずじろ,,4,6
大河|ドラマ,たいが|ドラマ,,5,6
キリスト|教,キリスト|きょう,,10,6
剣豪|の|方,けんごう|の|かた,,49,6
七|つ|片喰,なな|つ|かたばみ,,53,6
三|つ|葉葵,み|つ|ばあおい,,67,6
朝鮮|の|役,ちょうせん|の|えき,,68,6
年|に8|回,ねん|に8|かい,,126,6
全身入|れた,ぜんしんはい|れた,,128,6
慶長|の|役,けいちょう|の|えき,,193,6
米|のことだ,こめ|のことだ,,199,6
はっばっ|行,はっばっ|い,,202,6
与|そうとも,くみ|そうとも,,230,6
白糸威水牛兜,しろいとおどしすいぎゅうかぶと,毛利勝永,261,6
口惜|しき,くちお|しき,,8,5
石田三成殿,いしだみつなりどの,,14,5
山内一豊殿,やまうちかずとよどの,,17,5
退|き|口,の|き|ぐち,,27,5
福島正則殿,ふくしままさのりどの,,30,5
明石全登殿,あかしてるずみどの,,32,5
千代|さん,ちよ|さん,,35,5
思|うまい,おも|うまい,,48,5
酒|の|瓶,さけ|の|かめ,,50,5
鹿|の|子,しか|の|こ,,51,5
三|つ|柏,み|つ|かしわ,,60,5
対|い|蝶,むか|い|ちょう,,61,5
笠|の|緒,かさ|の|お,,178,5
霧|の|中,きり|の|なか,,186,5
場合好|き,ばあいす|き,,228,5
天衝脇立兜,てんつきわきだてかぶと,井伊直政,284,5
鹿角脇立兜,かづのわきだてかぶと,本多忠勝,286,5
高山本線,たかやまほんせん,,6,4
本美濃紙,ほんみのし,,7,4
脇坂安治,わきざかやすはる,,11,4
豊臣秀吉,とよとみひでよし,,12,4
斎藤道三,さいとうどうさん,,13,4
石田三成,いしだみつなり,,15,4
有名有実,ゆうめいゆうじつ,,16,4
山内一豊,やまうちかずとよ,,18,4
垂井城主,たるいじょうしゅ,,20,4
坊主大名,ぼうずだいみょう,,21,4
小山評定,おやまひょうじょう,,22,4
松平忠吉,まつだいらただよし,,23,4
一世一代,いっせいいちだい,,24,4
一向一揆,いっこういっき,,25,4
被|った,かぶ|った,,28,4
細川家中,ほそかわかちゅう,,29,4
二十五年,にじゅうごねん,,56,4
怒|って,おこ|って,,64,4
六条河原,ろくじょうがわら,,71,4
百戦錬磨,ひゃくせんれんま,,77,4
佐和山城,さわやまじょう,,78,4
二十六人,にじゅうろくにん,,200,4
南蛮形兜,なんばんがたかぶと,吉川広家,259,4
三巴具足,みつどもえぐそく,吉川広家,260,4
一豊殿,かずとよどの,,19,3
正則殿,まさのりどの,,31,3
全登殿,てるずみどの,,33,3
三成殿,みつなりどの,,34,3
内府殿,ないふどの,,36,3
豊臣方,とよとみがた,,37,3
不破関,ふわのせき,,38,3
噴泉池,ふんせんち,,39,3
三万石,さんまんごく,,40,3
十文字,じゅうもんじ,,41,3
七本槍,しちほんやり,,42,3
愛発関,あらちのせき,,43,3
鈴鹿関,すずかのせき,,44,3
杭瀬川,くいせがわ,,45,3
刑部殿,ぎょうぶどの,,46,3
中書島,ちゅうしょじま,,47,3
武田菱,たけだびし,,57,3
祇園守,ぎおんまもり,,62,3
藤堂蔦,とうどうつた,,65,3
八丈島,はちじょうじま,,69,3
十字架,じゅうじか,,70,3
総大将,そうだいしょう,,72,3
福島家,ふくしまけ,,73,3
一枚岩,いちまいいわ,,74,3
四天王,してんのう,,75,3
山陽道,さんようどう,,76,3
桑名城,くわなじょう,,79,3
帖佐館,ちょうさやかた,,80,3
名島城,なじまじょう,,81,3
浦戸城,うらどじょう,,82,3
高嶺城,こうのみねじょう,,83,3
櫛崎城,くしざきじょう,,84,3
小倉城,こくらじょう,,85,3
宇土城,うとじょう,,86,3
第二声,だいにせい,,87,3
三国黒,みくにぐろ,,88,3
御吉例,おきちれい,,89,3
第一声,だいいっせい,,90,3
空弁当,からべんとう,,91,3
大一番,おおいちばん,,92,3
大毛利,だいもうり,,93,3
淡路国,あわじのくに,,94,3
筑前国,ちくぜんのくに,,95,3
備前国,びぜんのくに,,96,3
土佐国,とさのくに,,97,3
伯耆国,ほうきのくに,,98,3
周防国,すおうのくに,,99,3
長門国,ながとのくに,,100,3
美濃国,みののくに,,101,3
安芸国,あきのくに,,102,3
越前国,えちぜんのくに,,103,3
肥後国,ひごのくに,,104,3
大隅国,おおすみのくに,,105,3
丹後国,たんごのくに,,106,3
武蔵国,むさしのくに,,107,3
遠江国,とおとうみのくに,,108,3
豊前国,ぶぜんのくに,,109,3
下野国,しもつけのくに,,110,3
大和国,やまとのくに,,111,3
筑前国,ちくぜんのくに,,112,3
伊予国,いよのくに,,113,3
三河国,みかわのくに,,114,3
播磨国,はりまのくに,,115,3
上野国,こうずけのくに,,116,3
上総国,かずさのくに,,117,3
伊豆国,いずのくに,,118,3
伊勢国,いせのくに,,119,3
柳生庄,やぎゅうのしょう,,120,3
各々方,おのおのがた,,121,3
南宮山,なんぐうさん,,122,3
三重県,みえけん,,123,3
五箇山,ごかやま,,124,3
神通川,じんつうがわ,,125,3
灯|り,あか|り,,127,3
高虎殿,たかとらどの,,174,3
家臣団,かしんだん,,179,3
3|日,3|か,,184,3
中山道,なかせんどう,,185,3
桃配山,ももくばりやま,,190,3
笹尾山,ささおやま,,191,3
出来人,できびと,,196,3
追放令,ついほうれい,,201,3
四角形,しかっけい,,203,3
一|つ,ひと|つ,,225,3
一番下,いちばんした,,226,3
我|が,わ|が,,231,3
総大将,そうだいしょう,,234,3
白頭巾,しろずきん,大谷吉継,268,3
岐山,きざん,,133,2
兵法,へいほう,,134,2
全登,てるずみ,,135,2
三成,みつなり,,136,2
返歌,へんか,,137,2
三本,さんぼん,,138,2
主翼,しゅよく,,139,2
一花,ひとはな,,140,2
北国,ほっこく,,141,2
内府,ないふ,,142,2
剛槍,ごうそう,,143,2
酒虫,しゅちゅう,,144,2
茂木,もてぎ,,145,2
直鋒,ちょくほう,,146,2
初撃,しょげき,,147,2
四男,よんなん,,148,2
四国,しこく,,149,2
百世,ももよ,,150,2
忍従,にんじゅう,,151,2
吉川,きっかわ,,152,2
秀吉,ひでよし,,153,2
忠吉,ただよし,,154,2
打首,うちくび,,155,2
追放,ついほう,,156,2
大勢,たいせい,,157,2
愛宕,あたご,,158,2
正則,まさのり,,159,2
秀次,ひでつぐ,,160,2
乱世,らんせ,,161,2
領国,りょうごく,,162,2
正信,まさのぶ,,163,2
直家,なおいえ,,164,2
接敵,せってき,,165,2
豊家,ほうけ,,166,2
刑部,ぎょうぶ,,167,2
大勢,たいせい,,168,2
安治,やすはる,,169,2
減封,げんぽう,,170,2
西国,さいごく,,171,2
城主,じょうしゅ,,172,2
宗厳,むねよし,,173,2
高虎,たかとら,,175,2
具足,ぐそく,,176,2
万人,まんにん,,180,2
家臣,かしん,,181,2
一気,いっき,,182,2
小山,おやま,,183,2
一矢,いっし,,187,2
上田,うえだ,,188,2
大窓,おおまど,,189,2
脇坂,わきざか,,192,2
脇楯,わきだて,,194,2
朽木,くつき,,195,2
敬親,たかちか,,198,2
三河,みかわ,,204,2
大身,たいしん,,206,2
家名,かめい,,207,2
小倉,こくら,,208,2
三矢,さんし,,212,2
上下,じょうげ,,213,2
召喚,しょうかん,,214,2
三男,さんなん,,215,2
一国,いっこく,,216,2
一揆,いっき,,217,2
一介,いっかい,,218,2
一豊,かずとよ,,219,2
一緒,いっしょ,,220,2
一騎,いっき,,221,2
一度,いちど,,222,2
唯一,ゆいいつ,,223,2
統一,とういつ,,224,2
一人,ひとり,,232,2
万石,まんごく,,233,2
仇,かたき,,209,1
粋,すい,,210,1
奸,がまり,,211,1
一,いち,,240,1
二,に,,241,1
三,さん,,242,1
四,よん,,243,1
五,ご,,244,1
六,ろく,,245,1
七,なな,,246,1
八,はち,,247,1
九,きゅう,,248,1
十,じゅう,,249,1
百,ひゃく,,250,1
千,せん,,251,1
万,まん,,252,1
,,,177,0
,,,205,0
,,,235,0
,,,236,0
,,,237,0
,,,238,0
,,,239,0
,,,253,0
,,,254,0