教材順,カード順,異名,名前,時代,属性（自動）,身分,生没年,開戦前の石高,開戦後の石高,兵力,イラスト説明1のタイトル,イラスト説明1キャラ,イラスト説明1,イラスト説明2のタイトル,イラスト説明2キャラ,イラスト説明2,鎧紹介タイトル,鎧紹介キャラ,鎧紹介内容,効果名1,効果名2,どうしてQキャラ,どうしてQ,どうしてA,関ヶ原ではQキャラ,関ヶ原ではQ,関ヶ原ではA,関ヶ原の後Qキャラ,関ヶ原の後Q,関ヶ原の後A,クイズ,コメント,コラム,カード画像,東西,パラメータ1（知恵）,パラメータ2（忠義）,パラメータ3（勇気）,パラメータ4（武力）,パラメータ5（魅力）,パラメータ6の名前,パラメータ6の値,レーダーチャート解説キャラ,レーダーチャート解説,家紋名,文字数
1,8,貂の皮を被った,脇坂安治,戦国/江戸時代,武士・水軍・西軍・洲本藩,武士・水軍・西軍・洲本藩,1554～1626(47/73才),淡路国洲本城33000石,淡路国洲本城33000石,1000,貂,サリー1,脇坂家は貂の皮を代々の馬印にしたのよ。,槍の柄,ジェンキンス1,安治は賤ヶ岳の七本槍の一人で十文字槍の使い手だったという。,(兜の名称不明)、伊予札縹糸下散紅糸威胴丸具足,ジェンキンス1,頭の飾りが特徴的だな。,虚ろなる七本槍,中書島,ハマボウ2,脇坂安治さんはどうして西軍についたんですか？,まあ、西軍についたといっても途中で小早川秀秋と一緒に裏切らさせてもらったがな……。元々ワシは近江にいた頃の友人、藤堂高虎殿がいる徳川家康につこうと思っていたのだが、三成の奴が邪魔しおってな……。やむなく西軍につくことになったのじゃ。,ハマボウ1,関ヶ原では西軍を裏切ったと言ってましたけど……？,そうじゃな。元々、ワシが家康殿に裏切っても本領を安堵してくれるという約束を高虎殿が取り付けてくれていたのでな。裏切りそうな雰囲気があった小早川秀秋に対する備えだったワシは、秀秋と一緒になって大谷吉継を攻撃したのじゃ。,ハマボウ3,じゃあ、関ヶ原の後も安泰だったんですか？,そうじゃ。ワシと同じように秀秋に対する備えだったのに裏切った奴らは減封や改易となる中、ワシだけは本領の洲本3万石を全て安堵され、領地を失うことはなかった。これも高虎殿のおかげじゃ、と思って貞秀の太刀を贈ったぞ。,ワシが高虎殿に贈ったのはなんじゃ？,フフフ……秀秋の備えのワシが、まさか共に寝返るとは思うまい……。,フフフ…秀秋の備えのワシが、まさか共に寝返るとは思うまい…。,https://highsto.net/assets/images/cards/gw/脇坂安治.webp,西軍,3,1,3,3,2,人脈,5,ハマボウ3,人脈のパラメータが高いね。生まれ育った所が近い人々と仲良くしていたのが後々になって返ってきたってことだね。僕も友達は大切にしよっと。,輪違い,478
2,13,決断の号砲,小早川秀秋,戦国時代,武士・西軍・岡山藩,武士・西軍・岡山藩,1582～1602(19/21才),筑前国名島城357000石,備前国岡山城510000石,15000,決断の表情,サトリ1,一世一代の裏切り……後で汚名を被ることも考えたら、相当な重圧よね。もっとお話聞かせて？,松尾山を下れ,ジェンキンス2,秀秋は山の上から駆け下りた勢いで西軍に襲い掛かったという。,三鍬形後立鉄黒漆塗六十二間小星兜、紫糸威二枚胴具足、猩々緋羅紗地違い鎌模様陣羽織,ジェンキンス2,兜の後ろ側の飾り、赤色の鎧、そして赤色の陣羽織か……随分と派手な格好だな。,松尾山下れ,太閤の御養子,シュン6,秀秋さんはどうして西軍に？,ああ……それは僕が亡き太閤豊臣秀吉の養子だからだね。僕は豊臣秀次に次ぐ後継者だとされていたから各地の大名の接待とかしていたのに、秀頼が生まれたらお払い箱。小早川の家に行かされて、しかも朝鮮の役から帰ってきたら領地は半分に減らされて遠い場所に移らされちゃったんだ。,シュン7,それは……たしかに裏切りたくもなるかもな……。,そうさ。わかってくれるかい？　だから僕は15000の兵を引き連れて松尾山に陣取ってやった。麓には大谷吉継がいるからね。横槍を入れてやれば崩れない訳が無い。そうして関ヶ原の戦いを決定づけたのさ。,シュン7,その後はどうなったんだ？  やっぱり領地増えたのか？,増えたとも。僕と同じ豊臣一門衆だった宇喜多秀家殿の領地だった岡山を丸々もらったよ。だけど僕のやったことは、世間から恩知らずの卑怯者って言われて……。……恩って、なんだろうね？,僕が陣取ったのはどこ？,太閤の養子ってなんだよ！ずっと冷遇されてきた恨み、必ず晴らす！,太閤の養子ってなんだよ！ずっと冷遇されてきた恨み、必ず晴らす！,https://highsto.net/assets/images/cards/gw/小早川秀秋.webp,西軍,3,1,1,2,4,不遇さ,5,シュン7,秀吉の後継者として子供の時から頑張っていたのに秀頼が産まれたら捨てられて、関ヶ原で裏切った後には裏切り者と言われて、すぐに死んじゃうなんて可哀想なんだぜ……。,丸に違い鎌,466
3,10,不認知の大名,長宗我部盛親,戦国/江戸時代,武士・西軍・教育者,武士・西軍・教育者,1575～1615(26/41才),土佐国浦戸城222000石,大坂及び京都で潜伏、0石,6600,悔しがる表情,サトリ1,認めてもらいたくて戦いに来たのに、何も出来なかったなんて……。,閉ざされた南宮山,サリー2,吉川広家に行く手を塞がれた盛親は身動きが取れなかったのよ。,,未定,,頭打ちの大将,郷士愛,シオリン6,長宗我部盛親さんはどうして西軍についたの？,認めて欲しかったのだ。俺が正式な長宗我部の当主であると。本来、四男の俺は当主なんかになる立場になかったんだが、兄貴の信親が戦死すると親父の元親は、次男と三男を飛ばして俺を当主に指名したんだ。五奉行の増田長盛殿ぐらいだ、俺のことを当主だと認めてくれたのは。,シオリン6,それで、関ヶ原の戦いではどうなったの？,何も出来なかった……。何もッ、出来なかったんだよ！  あの吉川広家とかいうクソ野郎が俺の真正面を塞いで全く動かなかったんだ！  俺は！  戦って負けることも出来なかったんだ……ッ！,シオリン5,そんな事があったのね……。でも、そこで終わりじゃなかったんでしょ？,そうだ。関ヶ原のせいで土佐一国丸々失ったが、俺は京都で寺子屋を開いて潜伏することにした。そして関ヶ原から14年後、ついに豊臣秀頼様からお呼びがかかってな、大坂の陣に出撃することになるぞ。,俺の親父は誰かわかるか？　わかったら答えてくれ。,まさか、このまま何もできぬまま終わるのか？  終われぬ……終われぬぞ……！,まさか、このまま何もできぬまま終わるのか？終われぬ…終われぬぞ…！,https://highsto.net/assets/images/cards/gw/長宗我部盛親.webp,西軍,1,3,4,3,3,地元からの人気,5,シオリン8,盛親さんの故郷、土佐国では領民の人々が皆、盛親がいなくなって欲しくないって一揆を起こしたり、新しく来た山内一豊さんより盛親さんの方が良いって言っていたりしたんだって。とても愛されていたのね。,七つ片喰,502
4,11,うつけ揺蕩う,吉川広家,戦国/江戸時代,武士・西軍・長州藩,武士・西軍・長州藩,1561～1625(40/65才),伯耆国米子城140000石,周防国岩国城30000石,3000,南宮山の麓,スクナ1,この山、随分多くの兵がいるようだが、まさか全員を足止めしているのか？,自分を信じる表情,サトリ1,なるほど……、自分の家を守るために、あえて戦わないのね。,南蛮形兜、三巴具足,ジェンキンス1,通常の兜のイメージとは異なる奇抜な形をしているな。,三本の矢とは,独断不戦,シュン6,広家さんはどうして西軍へ？,俺は同世代の従兄、毛利輝元の一門衆だからだな。毛利は徳川家康の下風につくのが嫌で一族共々西軍についたのだが、どう見ても東軍有利だと思ったのでな、自ら裏切り、家名を残そうとしたのだ。,シュン5,小早川秀秋さんと一緒で、広家さんも裏切ったんだな。誰を攻撃したんだ？,あー、いや、俺は攻撃した訳じゃないんだ。むしろその逆。東軍が布陣した場所の後ろにある南宮山の麓に布陣して……あえて全く動かなかったんだ。おかげで長宗我部盛親とか輝元の息子の毛利秀元は全く動けなかったのさ。,シュン5,皆の前をふさいでたってことか！  それで、その後はどうなったんだ？,関ヶ原の後、俺たち毛利は西軍に加担した罪に問われて、改易になりそうになるんだが、西軍を裏切っていた俺は自分の領地を本家の輝元に全部渡すことで家名を残そうとしたんだ。家康殿に必死に頼み込んでさ。,俺が陣取ったのはどこかわかるか？,毛利を残すために、俺が出来ることは……これだッ！,毛利を残すために、俺が出来ることは…これだッ！,https://highsto.net/assets/images/cards/gw/吉川広家.webp,西軍,3,4,4,4,2,奇抜さ,5,シュン7,そういえば広家さんと話していて、信長みたいな感じがしたな……もしかしたら、うつけだったのかもなぁ。,丸に三つ引き,433
5,4,口惜しき義士,毛利勝永,戦国/江戸時代,武士・西軍,武士・西軍,1578～1615(23/38才),豊前国小倉城10000石,土佐国1000石,安国寺恵瓊麾下,さださねの太刀,ジェンキンス1,これは豊臣秀吉が亡くなった時に勝永が遺品としてもらったと言われるものだ。,南宮山,スクナ1,そうか、お前も安国寺恵瓊の所にいたから足止めを食らったんだな。,白糸威水牛兜、(鎧残存せず再現していない)、緋羅紗地大に渦巻文様切付陣羽織,ジェンキンス1,勝永が使っていたとされる兜と陣羽織は今も残っているものだ。,さださねの刀,ー,ハマボウ3,毛利勝永さんはどうして西軍にいったんですか？  同じ名字の毛利輝元さんとは関係ないんですよね？,ああ、名字は同じに見えるが、私は輝元殿とは直接関係は無い。関ヶ原では亡き太閤豊臣秀吉様のために戦いにいった。我が家は早くから太閤様に取り立ててもらったのでな、徳川家康如きに天下を渡すのは許せなかったのだ。,ハマボウ3,関ヶ原ではどんな活躍をしたんですか？,恥ずかしながら、何も出来なかった。その前哨戦の伊勢方面の戦いでは活躍していたのだが、いざ本戦となると共に居た安国寺恵瓊共々、吉川広家の足止めを食らってしまってな……。悔しくてたまらなかった。,ハマボウ2,でも勝永さんの本当の見せ場は関ヶ原ではないですよね？,よく知っているな。私は関ヶ原の後、知己の山内一豊殿の下に預けられるが、14年後、一豊殿の任国、土佐を抜け出して大坂に馳せ参じた。そう、大坂の陣に参上するために。,関ヶ原の14、15年後にあった戦いといえばなんだ？,東軍だろうと西軍だろうと関係ない。私は恩ある豊臣家のために戦う！,東軍だろうと西軍だろうと関係ない。私は恩ある豊臣家のために戦う！,https://highsto.net/assets/images/cards/gw/毛利勝永.webp,西軍,3,5,5,4,4,輝元との関係,1,ハマボウ1,もしかして、勝永さんって関ヶ原の戦いより後にとんでもない活躍をするのかな？  今回話していて思ったけど、勝永さんって豊臣家への忠誠心に溢れた人だよね。,鶴の丸,468
6,7,坊主大名,安国寺恵瓊,戦国時代,僧・武士・外交官・西軍,僧・武士・外交官・西軍,1539～1600(62/62才),伊予国和気郡60000石,なし,1800,安国寺,ジェンキンス1,恵瓊はその名の通り安芸国にある安国寺の僧だ。,運を天に任せて,サトリ1,信長の死を予見したアナタは、この戦いがどうなるか、知っているのね。,,未定,,大毛利の活路,外交僧への寄進,ハマボウ3,安国寺恵瓊さんはどうして西軍についたんですか？,それは拙僧が仕えていた毛利輝元様が、徳川家康殿の下につくのは嫌だ、とおっしゃっていたからだ。拙僧、長らく毛利の外交を担当してきたゆえ、家康殿に対抗できるのは、この関ヶ原が最後の機会だと思い、西軍の総大将を務めるよう説得したのだ。,ハマボウ1,外交担当で僧ってことは、あまり戦わなかったってことですか？,そのようなことはない。拙僧、関ヶ原の前哨戦では毛利勝永殿たちと共に戦っておる。しかし、いざ本戦となると拙僧と仲が悪かった吉川広家が内応。我々毛利勢を南宮山に釘付けにしてしまったのだ。,ハマボウ4,それじゃあ関ヶ原の後は……？,負けが決まってしまっては、もはや毛利に未来はないと思い逃走したが京都で追っ手に捕まってしまった。石田三成殿と共に打首になった。無念である。,拙僧の本業は何であろうか？,私の勘は、この戦、不利だと告げているが、果たして奇跡は在るだろうか？,私の勘は、この戦、不利だと告げているが、果たして奇跡は在るだろうか？,https://highsto.net/assets/images/cards/gw/安国寺恵瓊.webp,西軍,5,4,3,1,3,予知能力,5,ハマボウ4,予知能力……？  そういえば安国寺恵瓊さんって織田信長が本能寺の変で死ぬことや、豊臣秀吉が天下人になることを予見していたって聞いたことあるな。もしかして東軍が勝つと知っていたのに、あえて西軍についたのかな？,武田菱,456
7,6,独立宰相,毛利秀元,戦国/江戸時代,武士・茶人・西軍・長州藩,武士・茶人・西軍・長州藩,1579～1650(22/72才),長門国高嶺城200000石,長門国櫛崎城50000石,15000,足止めを食らう大軍,スクナ1,この陣容、15000程の兵がいそうだが、何故動かない？,空弁当,サリー2,秀元は味方の吉川広家が動かないことを咎められた時に、兵が弁当を食べていると言い訳したのよ。,,未定,,空弁当,ー,シオリン6,毛利秀元さんはどうして西軍についたの？  やっぱり毛利輝元さんと関係あるの？,そうだね。養父の輝元が徳川家康の下風につきたくないと言って、安国寺恵瓊の説得で西軍の総大将になったから僕も西軍についたんだよ。,シオリン5,お父さんの輝元さんは大坂城にいたみたいだけど、秀元さんもそうなの？,いや、僕は大坂城で待機していた父輝元の代わりに毛利の総大将として15000の兵を率いて、東軍の背後にある南宮山に布陣したよ。でも、あの吉川広家が前を塞いで動かなかったせいで、僕も皆も動けなかったんだ。,シオリン5,関ヶ原の後はどうなったの？,僕は父と一緒に国許に帰って家康殿の沙汰を待ったよ。毛利は領地を減らされちゃったけど、あの有名な長州藩となって、僕は新しく藩主になった秀就の補佐を務めたんだ。,僕たち毛利は関ヶ原の後、何藩になったかな？,広家が全く動かないのだが、どうしたことだ……。長宗我部殿に言い訳するのも限界だ……。,広家が全く動かないのだが、どうしたことだ…。長宗我部殿に言い訳するのも限界だ…。,https://highsto.net/assets/images/cards/gw/毛利秀元.webp,西軍,3,2,2,3,1,独立心,5,シオリン7,独立心……、そういえば秀元さんって関ヶ原の前に一度毛利家から独立を図ったんだけど関ヶ原の減封のせいで続かなかったのよね。晩年にもう一度長州藩から独立しようとしたって聞いたことあるわ。,長門三つ星,437
8,16,いざ有名有実へ,毛利輝元,戦国/江戸時代,武士・西軍・長州藩,武士・西軍・長州藩,1553～1625(48/73才),安芸国広島城1205000石,長門国萩城298000石,なし,秀頼公と共に出撃！,サリー1,輝元が豊臣秀頼と一緒に出撃していたら、もしかしたら西軍が勝ったかもしれないわ！,夢叶い、いざ凱旋の時,サトリ1,秀頼の隣に立って日ノ本を動かす……、これがアナタの夢だったのね。,(兜再現なし)、黒塗緋糸威当世小札胴丸具足,ジェンキンス1,関ヶ原の戦場で見せる機会はなかったが、輝元の鎧は目立つ赤色をしていた。,三矢の上の野心,五大老の意地<毛利>,シュン6,輝元さんはどうして西軍に？,ワシは西国120万石の太守で、徳川家康や宇喜多秀家と同じ五大老だったのじゃ。つまりはあの家康と同格であって、下ではないということ。関ヶ原はそれを示すための戦いだったつもりじゃ。,シュン5,輝元さんって西軍の総大将だったよな？,そうじゃ。家臣の安国寺恵瓊に言われて、ここで勝てば毛利が天下に羽ばたけるかもしれないと思ったのじゃ。あとは従弟の吉川広家や養子の毛利秀元が上手くやってくれると思ったのじゃが……。,シュン7,あれ？  輝元さんは行かなかったのか？,そうじゃ。任せた広家が西軍を裏切って滅茶苦茶になってしまったのじゃ。まあ、当の広家が領地を差し出してくれたおかげで改易だけは免れたが……。ワシも関ケ原に行けばよかったのう……。,総大将のワシは関ケ原に行ったじゃろうか？,家康よ、秀頼様の隣に相応しいのはお主では無い。このワシじゃ！,家康よ、秀頼様の隣に相応しいのはお主では無い。このワシじゃ！,https://highsto.net/assets/images/cards/gw/毛利輝元.webp,西軍,2,3,1,2,3,天下への野心,5,シュン8,天下への野心……？  そうか、輝元は家康への対抗心だけじゃなくて、毛利元就の孫として中国地方から全国を狙っていたのかもしれないな！,長門三つ星,400
9,14,西軍の主翼,宇喜多秀家,戦国/江戸時代,武士・西軍,武士・西軍,1572～1655(29/84才),備前国岡山城574000石,伊豆国附諸島八丈島0石,17000,秀吉も愛した美少年,サリー1,秀家は女と見間違うぐらいのイケメンだったらしいわよ。,必死に戦う表情,スクナ2,秀家は関ヶ原の最初から最後まで、ずっと戦っていたみたい。頑張ったね……。,月の輪の兜(実物がないので名称不明)、(鎧残存せず再現していない),ジェンキンス2,秀家の兜は残っていないが、このような前立てを付けていたようだ。,五大老の意地<宇喜多>,宇喜多騒動<主>,シュン6,秀家さんはどうして西軍に？,それはこの私が亡き太閤様、つまりは豊臣秀吉様に返しても返しきれぬ恩があったからだ。我が父直家が死んだ後、滅亡の可能性さえあった宇喜多を守ってくださり、さらに言えば、私を太閤様の子として扱ってくださったのだ。,シュン6,それで、関ヶ原ではどうなったんだ？,実は太閤様が亡くなった後、我が宇喜多の家では御家騒動があってな……。家臣や領民の多くがいなくなってしまったのだ。それでも、私は西軍でも有数の17000の兵を家臣の明石全登と率いて接敵から終戦まで6時間も戦い続けたぞ。,シュン7,凄く頑張って戦ったんだな……。でも……。,それ以上言うな。負けてしまった私は備前国を取り上げられて、遠く八丈島に流されてしまった。その期間、実に49年だ。もっと近ければ大坂の陣の時も泳いでいけたかもしれないな。だが……子孫は今も八丈島にたくさんいるから、それはそれでよかったのかもしれない。,私の家臣といえば誰だと思うか？,豊家に大恩があるこの私がやらねば誰がやるというのか！  各々方、最後まで戦い抜くぞ！,豊家に大恩があるこの私がやらねば誰がやるというのか！各々方、最後まで戦い抜くぞ！,https://highsto.net/assets/images/cards/gw/宇喜多秀家.webp,西軍,2,5,4,3,4,残りの寿命,5,シュン5,ん……残りの寿命？  あれ？  宇喜多秀家の死んだ年、誰よりも後だ！  すげえな。八丈島に流されて不便な生活だったのに長生きするなんてさ。でも死ぬ時には一緒に関ヶ原で戦った人たちが皆いなくなってるって考えたら、なんか寂しいよなぁ。,丸に剣片喰,515
10,1,切支丹宰相,明石全登,戦国/江戸時代,武士・ｷﾘｼﾀﾝ・西軍,武士・キリシタン・西軍,1569？～1618？(32/50才？),宇喜多家臣100000石,九州に逃亡,8000,輝く十字架,サトリ1,アナタ、信仰のために戦えるぐらい強い心を持っているのね。,杭瀬川の戦い,スクナ2,全登と島左近は協力して森の中で奇襲をしかけたみたいだよ。,,未定,,杭瀬川の戦い<掃部>,宇喜多騒動<従>,シオリン6,明石全登さんは、どうして西軍についたの？,それは至極単純な話。我が主君の宇喜多秀家様が西軍についたからだ。関ヶ原の前に起きた御家騒動のせいで多くの家臣が秀家様の下を離れたが、我が明石の家は秀家様に取り立てていただいた恩があるので付き従い続けたのだ。,シオリン6,関ヶ原では、どんな活躍をしたの？,さっきも言ったが、多くの家臣がいなくなってしまった宇喜多家のことは私が取り仕切るようになっていて、関ヶ原の時も17000という大軍を秀家様と分担して指揮したぞ。島左近殿と協力して杭瀬川で東軍に奇襲もしたな。あれは愉快だった。,シオリン7,そういえば……全登さんの名前どこかで聞いたことあるような？,ああ、それは関ヶ原の14年後に起きた大坂の陣でのことだろう。関ヶ原の後、我々のようなキリシタンはどんどん肩身が狭くなっていったからな、それを打ち破るため、豊臣方として参戦したのだ。,私は誰の配下だったかわかるだろうか？,皆の者、苦しい時こそ祈りを捧げよ！  勝利はもうすぐだ！,皆の者、苦しい時こそ祈りを捧げよ！勝利はもうすぐだ！,https://highsto.net/assets/images/cards/gw/明石全登.webp,西軍,4,4,4,3,4,信仰心,5,シオリン8,そういえば、明石さんって自分のお家に宣教師を住まわせて匿ったり、大坂の陣でもキリシタンの地位を守るためにわざわざ豊臣方についたりしたって聞いたことあるわ。熱烈なキリシタンだったのね。,竹丸に桐,479
11,2,三成に過ぎたる者,島左近,戦国時代,武士・西軍,武士・西軍,1540～1600(61/61才),石田家臣20000石,なし,石田三成麾下,杭瀬川の戦い,スクナ1,左近と明石全登は協力して森の中で奇襲をしかけたようだな。,誉れ高き老将,サリー2,左近は関ヶ原の時にはもう60才ぐらいになってたのだけど、とても強くて敵も驚いたのよ。,赤色の前立(名称不明),ジェンキンス1,左近の兜の前立は形こそ普通だが、色は独特な赤色をしていた。,杭瀬川の戦い<左近>,君臣禄を分かつ,シオリン6,島左近さんはどうして西軍についたの？,私が仕えていた石田三成殿が西軍として戦ったからだ。三成殿がまだ大身となる前に、この私に俸禄の半分も割いて招いてくれたのだ。その期待に応えるためにも三成殿が西軍で勝つよう従軍したという訳だ。,シオリン8,関ヶ原本戦ではどんな活躍をしたの？,あまり前線に立って戦う人ではなかった三成殿を補佐する形で兵を率いた。少しでも勝ち目を作るために、明石全登殿と共に杭瀬川にいた東軍に奇襲をかけて勝利。西軍の方々を勇気づけたぞ。,シオリン6,それで、関ヶ原の戦いでは最後どうなったの？,戦いは西軍有利で進んでいたのだが、ご存知の通り、小早川秀秋たちの裏切りで西軍は崩壊。私は主君を守るために奮戦。存分に暴れて東軍に恐怖を植え付けてやったが最後は討ち取られてしまった。,俸禄とはなんのことかわかるだろうか？,三成殿に高禄で召し抱えて頂いた御恩、今返す時！  我が武に身の毛を逆立て慄くがよい！,三成殿に高禄で召し抱えて頂いた御恩、今返す時！我が武に身の毛を逆立て慄くがよい！,https://highsto.net/assets/images/cards/gw/島左近.webp,西軍,4,5,4,4,4,もったいなさ,5,シオリン8,こうやって見ると、左近さんって凄いのね！  三成に過ぎたる者とよく言われるし、関ヶ原の後も活躍する姿を見てみたかったけど、でも、三成さんと一緒に関ヶ原を戦ったからこそ、みたいなところもあるよね。,三つ柏,442
12,17,義挙か暴挙か,石田三成,戦国時代,武士・西軍,武士・西軍,1560～1600(41/41才),近江国佐和山城194000石,なし,6000,大一大万大吉の旗,スクナ1,一人が皆のために、皆が一人のために、か。それが本当になれば皆幸福になるだろう。,強い意志,サトリ1,アナタからは、敵を打ち倒し主君の世を守ろうという熱い心が感じられるわ。,乱髪天衝脇立兜、鉄錆地塗当世小札黒糸威二枚胴具足,ジェンキンス1,天高く伸びる脇立と振り乱した髪模様は、まるで鬼のように見えるな。,文治派<成>,内府ちがいの条々,シオリン8,三成さん！  どうして西軍を組織したのか聞いてもいいですか？,もちろんだ。関ヶ原の戦いというのは、文禄・慶長の役での諍いや太閤様つまりは豊臣秀吉様亡き後の政治運営で私を含めた五奉行や徳川家康たち五大老がそれぞれ分裂したことが発端だったのだ。東軍西軍と分かれたのは偶然だったと言ってもいいだろう。,シオリン8,それでそれでっ？,私は、幼い頃よりの友、大谷吉継と相談し、毛利輝元殿を総大将にかつぎ上げて決起。太閤様の方針をないがしろにして好き勝手していた家康を糾弾した。そして軍を集めていた大垣城を出て西軍を率い、関ケ原で決戦を待ったのだ。,シオリン5,最後はどうなったの？,関ケ原に布陣したのはいいものの、あまりにも多かった裏切り者たちのせいで私たちは耐えきれず敗走。私は捕縛されて、六条河原で斬首されたのだが……、首が離れるその瞬間まで豊臣家の永遠の栄光を諦めることはなかった。,関ヶ原の戦いの原因は何か答えてみよ。,豊家をないがしろにする家康よ、必ずやこの私が討ち取ってくれる！,豊家をないがしろにする家康よ、必ずやこの私が討ち取ってくれる！,https://highsto.net/assets/images/cards/gw/石田三成.webp,西軍,3,5,4,1,5,真面目さ,5,シオリン7,三成さんって、すごく真面目な人よね。自分が仕えていた豊臣家にも真摯に向き合っていて……でも真面目過ぎて他の人たちから理解してもらえなかったのはつらいわ。そういう所が私は好きなんだけどね。,大一大万大吉,483
13,15,最期の一花,大谷吉継,戦国時代,武士・西軍,武士・西軍,1565～1600(36/36才),越前国敦賀城50000石,なし,1500,辞世の句のやり取り,スクナ1,隣で戦っていた平塚為広と辞世の句を交換し合ったらしいぞ。,輿に乗っている様子,サリー1,吉継は長年の病のせいで足腰が弱っていたから、輿に乗って戦ったそうよ。,白頭巾、黒塗黒糸威伊予札二枚胴具足,ジェンキンス1,吉継は病気で醜くなってしまった顔を頭巾で隠して戦ったとよく言われるな。,文治派<継>,北国調略,シオリン8,吉継さん！  吉継さんがどうして西軍についたのか、聞いてもいい？,構わぬ。西軍についたのはただ一つ。我が友の石田三成が、亡き豊臣秀吉様の方針を無視してよからぬことをしている徳川家康と、その周りの奴らを糾弾すると言ったからだ。私は勝ち目がないと三成を諭したが、三成の心は固く、それゆえ私も賭けに出てみようと思ったのだ。,シオリン6,友人の三成さんのために、関ヶ原に行ったのね。,いかにも。私は病にかかっており、先も長くなかったからな。私の領地から近い北陸の諸侯が西軍に刃向かわないようにして、関ケ原に赴いた。ここが最期の見せ場だと思い、全身全霊で戦ったぞ。,シオリン5,最後にどうなったか聞いてもいい？,過ぎたことだからな。気にするでない。隣に布陣した平塚為広殿と共に死力を尽くして戦い続けたが、あの小早川秀秋が裏切って私の陣に押し寄せたせいで、ついに耐えきれなくなり自害するしかなくなってしまった。三成よ、すまない……。,我が友と言えば、誰かわかるか？,友のため、必ず勝つ！,友のため、必ず勝つ！,https://highsto.net/assets/images/cards/gw/大谷吉継.webp,西軍,5,5,4,3,5,友情,5,シオリン7,やっぱり、関ヶ原といえば吉継さんよね。豊臣家への忠義だけじゃなくて、三成さんとのお話とか聞いていてワクワクしたわ。裏切りをする秀秋さんの対処を自分から引き受けてくれたし、三成さんにとっては最高の友達だったと思うわ。,対い蝶,515
14,5,怪力の雷鳥,平塚為広,戦国時代,武士・西軍,武士・西軍,？～1600(？/？才),美濃国垂井城10000石,なし,大谷吉継麾下,辞世の句のやり取り,スクナ2,隣で戦っていた大谷吉継と辞世の句を交換し合ったんだって……。,平塚の子孫は？,ジェンキンス1,為広の子孫には平塚らいてうという女性運動家がいる。,,未定,,垂井城主,辞世の返歌,ハマボウ3,平塚為広さんはどうして西軍についたんですか？,亡くなってしまった豊臣秀吉様の馬廻だった私は、そのまま秀頼様の臣下になっていたのです。西軍の大谷吉継さんとは昔から御縁があり、関ヶ原からほど近い垂井城の城主になったこともあったために、西軍に属したのですよ。,ハマボウ3,関ヶ原当時は、どんな活躍をしていたんですか？,吉継さんと一緒に石田三成殿の説得をしたのですが、意志は固く、関ケ原に赴きます。直前の伏見城の戦いで活躍した後、裏切りが危惧された小早川秀秋を暗殺しようともしたのです。,ハマボウ1,そんな計画が……、それは上手くいったんですか？,上手くいけば良かったのですが露見してしまい、結局、当の秀秋に横から大軍で突っ込まれて、私や隣の吉継さんの陣は崩壊。吉継さんと辞世の句を交換し合って……その後は散り散りになってしまいました。,私の子孫といえば、誰かわかりますか？,刑部殿、共に冥土の果てまで戦い抜きましょう！  皆の者、往くぞ！,刑部殿、共に冥土の果てまで戦い抜きましょう！皆の者、往くぞ！,https://highsto.net/assets/images/cards/gw/平塚為広.webp,西軍,3,4,4,4,4,機転,5,ハマボウ1,話を聞いた感じ、大谷吉継さんの隣でずっと奮戦していたみたいだ。それにしても死にかけている戦いの中で歌を送り合えるなんて日頃から教養がないとできないよね。僕もそういう人になりたいものだ。,亀甲梅鉢,457
15,9,薬問屋から水軍大将へ,小西行長,戦国時代,商人・武士・ｷﾘｼﾀﾝ・水軍・西軍,商人・武士・キリシタン・水軍・西軍,1558～1600(43/43才),肥後国宇土城200000石,なし,6000,十字架を抱えて,サトリ1,キリシタンは切腹できないって聞いたけど、本当かしらね？,海沿いの城,サリー1,行長は自身の水軍を動かしやすいように、海沿いに城を建てていたのよ。,,未定,,文治派<行>,宇土城籠城,ハマボウ3,小西行長さんは、どうして西軍についたんですか？,関ヶ原の直前までは徳川家康殿に接近しておったのじゃが、それ以上に朝鮮の役での戦後処理などを一緒にやった石田三成殿や大谷吉継殿との縁を大切にして肩を持つことに決めたのじゃ。,ハマボウ3,関ヶ原の戦いでは、どんな活躍をしたんですか？,関ヶ原の戦いは大一番だと思って、国許の兵を全て引き連れて参戦したのじゃ。その甲斐あって、宇喜多秀家殿と共に西軍の主力として活躍したぞ。皆、デウス様を信じて戦ったのじゃが……。,ハマボウ4,もしかして……。,察しがついているかもしれないが、6時間戦い続けた我が軍は力尽きてしまったのじゃ。逃げはしたもののすぐにワシは捕縛され、六条河原に突き出されて石田三成殿や安国寺恵瓊殿と共に斬首されてしまったぞ。ワシはキリシタンだから切腹できなかったのじゃ。,ワシのようなキリスト教を信じていた者をなんというか、知っておるか？,皆の者、ここは耐えるのじゃ！必ずや我らがデウス様が救ってくださりますぞ！,皆の者、ここは耐えるのじゃ！必ずや我らがデウス様が救ってくださりますぞ！,https://highsto.net/assets/images/cards/gw/小西行長.webp,西軍,3,4,3,3,2,水軍,5,ハマボウ2,そういえば、行長さんが作った城の中には、堀に船が入りやすい構造になっている城があるよね。もしかして普通の城と違って水軍の船が行き来しやすいようになっているのかな？  だとしたら、行長さんって陸よりも海の戦いの方が得意なのかも？,中結び祇園守,490
16,12,少数精鋭の極致,島津義弘,戦国・江戸時代,武士・僧・西軍・薩摩藩,武士・僧・西軍・薩摩藩,1535～1619(66/85才),大隅国帖佐館100000石,大隅国加治木城100000石,1500,島津の退き口,スクナ1,義弘は自害しようとしたらしいが、甥の豊久に止められて薩摩に帰ることにした。,伏見城,サリー1,義弘は東軍につこうとしたのだけど、受け入れてもらえなかったのよ。,,未定,,伏見城の戦い,島津の退き口<捨>,ハマボウ3,島津義弘さんは、どうして西軍についたんですか？,薩摩からはっばっ来たおいだが、兄貴ん義久共々東軍が勝つち思うちょったで、東軍につこうとしたんじゃが、訪れた伏見城で追い返されてしもてな……、しょんなし西軍につっしかなかったんさ。,ハマボウ1,じゃあ、関ヶ原では小早川秀秋さんたちと同じく裏切ったんですか？,いんや。裏切りは薩摩隼人の戦い方に反すっでせん。国許ん一揆のせいでいっちょん兵はおらんやったが、本州ん雑魚どもを蹴散らしてやった。数が少なかせいで大勢には影響なかったがな。,ハマボウ2,関ヶ原の最後の話が有名だって聞きましたけど、どんなことがあったんですか？,味方が勝手に退却し始めたせいで、東軍の大軍の中に取り残されてしもたおいは自害も考えたが、甥ん豊久が生き延びよと説得してくれたおかげで、目が覚めた。敵ん真っ只中を突破しっせぇ、薩摩に帰ったぞ。,おいん故郷はどっかわかっか？,こうなっては仕方あるまい。豊久よ、薩摩隼人の恐ろしさ、存分に刻み込んでやろう。,こうなっては仕方あるまい。豊久よ、薩摩隼人の恐ろしさ、存分に刻み込んでやろう。,https://highsto.net/assets/images/cards/gw/島津義弘.webp,西軍,4,3,4,5,4,年齢,5,ハマボウ3,話している時には全然感じなかったけど、義弘さんって関ケ原に来た人の中では、かなり高齢だったんだね。関ヶ原の時にあんな感じだったんなら、昔は相当すごい人だったのでは……？,丸に十文字,458
17,3,無双の美童,島津豊久,戦国時代,武士・西軍,武士・西軍,1570～1600(31/31才),島津家臣28000石,なし,島津義弘麾下,島津の退き口,スクナ2,豊久は薩摩で影響力のあった伯父を生き残らせるために奮闘したの……。,捨て奸,サリー2,捨て奸っていうのは、座って安定した状態で敵を銃殺するやり方なんだけど、こんなことしたら逃げられないわ……。,,未定,,島津の退き口<奸>,ー,ハマボウ3,島津豊久さんは、どうして西軍についたんですか？,おいん親父は島津家久ちゅう戦いん天才やったが、はよにのうなってしもてな、おいは家久ん兄にあたっ義弘殿ん下で育ったんじゃ。じゃっで伯父貴が西軍につっなら西軍につっしかなかど。,ハマボウ3,関ヶ原ではどうなったんですか？,おいん故郷では直前に一揆があったせいで兵が少なって大勢に影響を及ぼせんやったが、伯父貴と一緒に夜襲ん提案をしたりしたぞ。関ヶ原では乱戦やったで伯父貴と離れてしもたりしたな。,ハマボウ1,その後、どうなったんですか？  薩摩にはたどり着いたんですか？,いや、合流した時には、西軍が退却を始めちょって、伯父貴は弱気になって腹を切ろうとしよったで、おいは伯父貴が薩摩に帰るっごつ、鉄砲を撃ちまったぞ。座ってやっやり方が捨て奸ち呼ばれちょっな。安定すっどこいが。,おいたちが使うた、薩摩ならではん戦法はなんじゃ？,伯父貴こそこれからの島津に必要なお人。おいが必ずここで食い止めて見せようぞ！,伯父貴こそこれからの島津に必要なお人。おいが必ずここで食い止めて見せようぞ！,https://highsto.net/assets/images/cards/gw/島津豊久.webp,西軍,2,5,5,4,4,恐ろしさ,5,ハマボウ4,よく考えたら捨て奸って、やる人ほぼ確実に死んじゃうよね……。それを自ら提案した豊久って……。薩摩の人が考えることはすごいなぁ。,丸に十文字,430
18,23,戦乱は終わらず,大野治長,戦国/江戸時代,武士・東軍,武士・東軍,1569～1615(32/47才),丹後国大野城10000石,豊臣家家臣15000石,徳川家康麾下,戦乱は終わらず,スクナ1,この雰囲気、まだ何か起こるな……。,大坂城,サリー1,治長は大坂城にいた淀殿と密接な関係にあったのよ。,,未定,,淀殿の近侍,家康暗殺計画,シュン6,治長さんは、どうして東軍へ？,私は淀殿の近侍ということで、本来は西軍として参加すべき立場だった……ゆえに、秀頼公をないがしろにする徳川家康を暗殺しようとしたのだが、露見。徳川の下で蟄居させられてしまったのだ。,シュン7,関ヶ原の時も？,否、私は関ヶ原の直前に赦されたから参戦した。石田三成と仲違いをして東軍についた福島正則と共に戦ったぞ。ただ、あまり大きな戦果は挙げられなかった。,シュン5,でも、それで終わりじゃなかったんでしょ？,その通り。私は関ヶ原が終わった後、徳川の使者として大坂に入城。そのまま帰らなかった。そして14年後、後藤又兵衛、明石全登、毛利勝永、長宗我部盛親そして真田信繁と共に大坂の陣を戦ったぞ。,私がお傍についていた相手は誰か、答えてみよ。,……たとえ徳川に与そうとも、心は豊臣にあり……！  治部殿よ、黄泉の国から見ておれ。,…たとえ徳川に与そうとも、心は豊臣にあり…！治部殿よ、黄泉の国から見ておれ。,https://highsto.net/assets/images/cards/ge/大野治長.webp,東軍,2,4,2,1,2,淀殿,5,シュン7,話の最初でも出てきていたけど治長って淀殿と、とても仲が良かったんだな。そういえば、豊臣秀頼って淀殿と大野治長の子供だったかもしれないって話、聞いたことあるぞ。治長と淀殿は切っても切れない関係なんだな。,丸に三つ鱗,416
19,19,笹の才蔵,可児才蔵,戦国/江戸時代,武士・東軍・広島藩,武士・東軍・広島藩,1554～1613(47/60才),福島家家臣750石,福島家家臣1250石,福島正則麾下,笹を背負って,サリー2,才蔵と言えば、笹よね。討ち取った敵の首に笹を刺したと言われてるわ。,三叉槍,ジェンキンス1,槍の達人だった才蔵は十文字の槍を使っていたようだ。,伝可児才蔵甲冑(名称不明),ジェンキンス2,この鎧は才蔵ゆかりの寺に伝わるものだ。,愛宕権現の加護,十七の首笹,ハマボウ3,可児才蔵さんは、どうして東軍についたんですか？,フフ、私は当時福島正則殿の配下だったからな。石田三成と敵対して東軍についた福島正則に従う私が、東軍につくのは必然だったという訳だ。わかるかな？,ハマボウ3,それで関ヶ原の戦いでは、どんな活躍をしたんですか？,よくぞ聞いてくれた。私は先鋒を任された正則殿の、まさに先鋒隊長として戦い、前哨戦と合わせて20もの敵兵を討ち取ったのだ。特に本戦での17の首級は首実検に持っていくのが大変だったから笹を刺して示したぞ。笹を首や口に添えるのは手向けの意味もあったのだ。,ハマボウ3,凄いですね！  その後も正則さんに従ったんですか？,いかにも。広島に転封になった正則殿にそのまま付き従い、そのまま同地で天寿を迎えた。私は愛宕権現を深く信仰していたからな、愛宕様の縁日に死ぬと決めていたのだ。,私が笹を刺した首級の数を答えてみてくれ。,愛宕様、どうか黄泉の国にて私の笹を数え奉り給え！,愛宕様、どうか黄泉の国にて私の笹を数え奉り給え！,https://highsto.net/assets/images/cards/ge/可児才蔵.webp,東軍,2,2,4,5,4,首級,5,ハマボウ3,才蔵さんが倒した敵の数が17って、もしかして一人で敵を倒した数としては一番多いんじゃないかな？  そうじゃなかったとしても凄いよね。講談で人気があるのもうなずけるよ。,丸に違い笹,449
20,32,資性強暴,福島正則,戦国/江戸時代,武士・東軍・広島藩,武士・東軍・広島藩,1561～1624(40/64才),尾張国清洲城200000石,安芸国広島城498300石,6000,小山評定,スクナ1,正則は家康が関ケ原に向かうかを決める時に、東軍につくと宣言したぞ,豪放磊落な表情,サトリ1,アナタのその表情……、あんまり乱暴に生きていると大変なことになるわよ？,黒漆塗桃形大水牛脇立兜、鉄錆地塗蓬糸威革包菱綴桶側二枚胴具足,ジェンキンス2,朝鮮の役での仲違いをきっかけに黒田長政と兜を交換して仲直りしたと言われるぞ。,小山評定<第一声>,武断派,シュン7,正則さんは、どうして東軍に？  元々、石田三成さんとかと働いていたんでしょ？,おいおいおい、それは聞き捨てならねぇな。俺様はあんな政治野郎とは違う。朝鮮でも、ちゃんと前線にいって戦ったんだぞ！  それなのに三成の野郎たちは後ろでぬくぬくと見ているだけで認めようとしねぇ！  だから、アイツらを倒すために東軍にしたのさ！,シュン5,てことは関ヶ原でも全力で戦ったってことだよな？,そうだ！  俺様、徳川家康にとっちゃあ外様なのに栄えある先鋒の役を任せられたんだぜ！  当日は濃霧だったから井伊直政とか松平忠吉の野郎どもに遅れを取ることになってしまったがな、まあ、関ケ原まで東軍を先導する役割の方は果たせたから許してやるか！,シュン8,そんなに活躍したんなら、関ヶ原の報酬もウマかったんじゃない？,たしかにな。関ヶ原の直後は毛利輝元の領地だった広島を丸々もらったな。だが、この広島城が雨漏りしちまってよ、直そうと何度も願いを徳川に出したんだが、許されなくて、勝手にやったら、見せしめに改易されちまった……。,俺様が関ヶ原の後にもらった場所はどこだ？,ワーハッハッハッ！  この俺様が東軍の先鋒たぁ、奴らも仰天するに違いねぇ！,ワーハッハッハッ！この俺様が東軍の先鋒たぁ、奴らも仰天するに違いねぇ！,https://highsto.net/assets/images/cards/ge/福島正則.webp,東軍,1,1,3,5,3,酒癖,1,シュン5,そういえば、後藤又兵衛って人から聞いたけど正則ってお酒で失敗することが多かったらしいぞ。なんでも秀吉からもらった家宝を酒の席で賭けをふっかけて負けて取られちゃったんだって。,福島沢瀉,542
21,25,土より出でて佐幕,山内一豊,戦国/江戸時代,武士・東軍・土佐藩,武士・東軍・土佐藩,1545～1605(56/61才),遠江国掛川城68000石,土佐国高知城222000石,2000,小山評定,スクナ2,一豊は、皆の心をまとめるために、真っ先に家族も領地もなげうったの……。,立派な馬,サリー1,若い頃に、奥さんがへそくりを貯めていてくれて助かったことがあるのよ。,金箔押御幣後立兜、黒塗濃紺糸威革包菱綴桶側二枚胴具足,ジェンキンス1,神社にあるようなこの形は神仏にあやかったものだったようだ。,内助の功,小山評定<第二声>,シュン6,一豊さんは、どうして東軍に？,それは関ヶ原の発端になった会津征伐において、徳川家康殿と共に会津まで出撃したからでございます。手前も最初から西軍と敵対していた訳ではなく、ただ単に領地の掛川が家康殿の通り道にあったから従ったまででございます。,シュン7,それなのに、東軍についたのか？,ええ、豊臣秀吉様のご養子、秀次殿が処断されてからというもの、一枚岩では無くなった豊臣家につくのではなく、真っ先に徳川につくと宣言したのでございます。関ヶ原では吉川広家がちゃんと戦わず動かないかどうかの監視をしたのでございます。,シュン6,そういえば、山内さんって土佐藩の藩主として聞いたことあるような気がするぜ？,その通りでございます。関ヶ原の後、小山評定で真っ先に東軍につくと宣言したことで諸侯の意思が固まったことを評価されて、長宗我部盛親の土佐国を丸々いただいたのでございますよ。統治には苦労したのでございますが……。,関ヶ原の後、手前が転封になった先はどこでごさいましょう？,内府殿の義挙のためなら、居城も、大坂にいる妻子も、全て投げうつ所存にございまする！,内府殿の義挙のためなら、居城も、大坂にいる妻子も、全て投げうつ所存にございまする！,https://highsto.net/assets/images/cards/ge/山内一豊.webp,東軍,3,1,3,3,2,妻の賢さ,5,シュン8,やっぱり山内一豊といえば、奥さんの千代さんだよな。小山評定の時に家康から評価されたのも、千代さんの所に使者として来た人の、笠の緒に一豊への指示を書いた手紙を仕込んでおいて、西軍の状況や家康に従うべきだと書いた手紙を箱に入れて開けないまま家康に届けさせたお陰っていう話があるぜ。,丸に土佐柏,553
22,30,狂瀾怒濤,細川忠興,戦国/江戸時代,武士・茶人・東軍・小倉藩,武士・茶人・東軍・小倉藩,1563～1646(38/84才),丹後国宮津城180000石,豊前国小倉城399000石,5100,最愛の妻の自害,サトリ1,……なるほど、最愛の奥さんのガラシャさんが石田三成のせいで……、それでこんなに怒っているのね……。,天下一の短気,スクナ1,それだけではない。こいつは相当な短気だ。これは恐ろしいことになるぞ。,鳥毛頭立黒手時代塗頭形兜、黒革包濃紺糸威二枚胴具足,ジェンキンス2,関ヶ原で主君を守り通したこの鎧は、戦後細川家中で祀られるようになった。,石田三成襲撃事件,御吉例の具足,シュン6,忠興さんは、どうして東軍へ？,口の利き方に気をつけろ小僧……。関ヶ原のことは思い出したくもない。愛しのガラシャが……石田三成が人質に取ろうとして、拒絶し、炎の中で……。ああ、最期まで誇り高きガラシャ、ガラシャ…………三成ぃぃぃぃ！,シュン7,こ、怖いな……この人……。そ、それで、関ヶ原では、どんなご活躍を？,ガラシャの仇を取るため、日頃は仲が悪かった弟の興元と前線でバッタバッタと三成の兵をなぎ倒してやったわ。我が隊だけで136も討ち取ってやったぞ。アハハハハ！  見てるか、三成？,シュン7,そ、そんなにご活躍されたなら……領地増えたんじゃないですか？,ああ、旧領の加増は叶わなかったが、豊前国を丸々得られることになったぞ。小倉城を大改修して居城にしたが、32年後に肥後熊本に転封になった。覚えておけ。,俺の最愛の妻の名を答えよ。答えられなければ、どうなるかわかっているな？,愛しの我が妻を追い込んだ三成よ、地獄の果てまで追い回してくれるわ！,愛しの我が妻を追い込んだ三成よ、地獄の果てまで追い回してくれるわ！,https://highsto.net/assets/images/cards/ge/細川忠興.webp,東軍,4,2,3,3,4,妻への愛,5,シュン6,怖かったぁ……。忠興さん、奥さんのガラシャさんのこと大好きすぎじゃないか？ 他にも忠興さん、茶とか医術とかできて魅力たくさんあると思うけど、やっぱり愛が凄いよ……。,九曜,455
23,24,十字の鋒,細川興元,戦国/江戸時代,武士・ｷﾘｼﾀﾝ・東軍・谷田部藩,武士・キリシタン・東軍・谷田部藩,1566～1619(35/54才),細川家家臣15000石,下野国茂木陣屋10000石,細川忠興麾下,落馬した井戸,サリー2,戦いの中で井戸に落馬しちゃうなんて、災難だったわね。,槍使い,ジェンキンス2,興元は槍を武器としていたようだ。,(名称不明),ジェンキンス2,赤銅色の胴に対して金色の脇立と赤色の脇楯がアクセントになっているな。,犬猿の兄弟？,井戸への落馬,シオリン6,細川興元さんは、どうして東軍についたの？,僕は、東軍で大きな働きをした細川忠興の弟だからね、いくら兄上から煙たがられても、細川は細川。それに、キリシタンだった僕を陰ながら応援してくれたガラシャ様を西軍の石田三成が殺めてしまったからね。西軍につくつもりはさらさらなかったよ。,シオリン5,関ヶ原では兵士を率いて戦ったってこと？,その通り。細川隊の中でも先鋒として、あの大戦を戦い抜いてみせたよ。兄上もこういう時は僕を頼りにしていたみたいなんだ。ただ、戦いの途中で僕の愛馬ごと井戸に落ちちゃってね、僕は助かったけど、馬の方は……助けられなかったんだ。,シオリン8,そんなに頑張ったなら、お兄さんも認めてくれたんじゃない？,そうだと良かったんだけどね……。結局打ち解けることはなくて、兄上の領地だった小倉や熊本とは別に、北関東で独立することになったよ。小さい藩だったけど、幕末まで続いたみたいだね。,僕の兄は誰でしょうか？,兄上がやかまかしかろうとも、細川の先鋒は果たして見せようぞ！,兄上がやかましかろうとも、細川の先鋒は果たして見せようぞ！,https://highsto.net/assets/images/cards/ge/細川興元.webp,東軍,2,2,4,4,3,兄弟仲,1,シオリン5,興元さんって、結局お兄さんと上手くいかなくて細川家を出ていってしまうみたいだし、お互いの扱いには苦労したみたいね……。,九曜,449
24,21,剣術古今独歩,柳生宗矩,戦国/江戸時代,武士・剣豪・東軍・柳生藩,武士・剣豪・東軍・柳生藩,1571～1646(30/76才),徳川家家臣200石,大和国柳生庄2000石,徳川家康麾下,無刀取り,サリー1,宗矩は無刀取りといって、刀を持っていなくても相手から奪って攻撃に転じることができたらしいわよ。,大和国柳生藩,ジェンキンス2,柳生宗矩は剣豪でありながら、立派な大名にまでなった。,,未定,,柳生新陰流,大和牽制,ハマボウ3,柳生宗矩さんは、どうして東軍についたんですか？,儂は大和国で生まれたのだが、仕えていた筒井や松永が滅んだせいで浪人することになってしまったのだ。父の宗厳と共に放浪していたのだが、父が京都で無刀取りを徳川家康様に披露した所、気に入って召し抱えて下さったという訳なのだ。,ハマボウ2,あまり剣豪の方が実際の戦場で戦ったという話は聞きませんけど、宗矩さんはどうですか？,そうだな。儂も大坂の陣では敵兵を瞬殺したが、関ヶ原では戦果は挙げられなかった。むしろ、その直前に旧領の大和国で調略を行い、西軍の後方牽制をしてやったぞ。剣の腕が立つだけでなく頭も回ると評価されたものだ。,ハマボウ1,宗矩さんって、たしか江戸幕府の……。,剣術指南役になったのだ。将軍様だけでなく旗本たちにも儂の柳生新陰流を伝授してやった所、江戸幕府の兵法指南役に推薦され、儂の剣術は全国で教えられることになったのだ。そのお陰で一介の剣豪から大名になることができた。,江戸幕府において剣術として認められた儂の流派は、なんと言うかわかるか？,我が剣術の前には刀など無用！,我が剣術の前には刀など無用！,https://highsto.net/assets/images/cards/ge/柳生宗矩.webp,東軍,4,4,3,5,4,剣術,5,ハマボウ3,柳生新陰流を作っただけあって剣術の腕はピカイチだから戦場で会ったら思わず逃げちゃう人もいたかも？　剣豪だけど政治や策略でも活躍するなんて凄いよね。,柳生笠,505
25,20,天下を呑取る男,後藤又兵衛,戦国/江戸時代,武士・東軍,武士・東軍,1560～1615(41/56才),黒田家家臣,黒田家家臣16000石,黒田長政麾下,槍の名人,サリー2,又兵衛といえば槍の名人として有名よね。この槍にも逸話があるのよ。,長政への対抗心,スクナ2,主君にお前の生き方を認めて欲しかったの？　難しそう……。,(名称不明),ジェンキンス2,又兵衛の兜の前立は大きく、遠くからでもよく目立ちそうだ。,長政との確執,剛槍一騎打ち！,シュン5,又兵衛さんは、どうして東軍に？  たしか、主君の黒田長政さんとは仲が悪かったよね？,ハハハ、小僧、よく知っておるな。そうだ。戦場で華々しく戦う俺と、後ろで策略ばっか練っている真面目な長政とは折り合いが悪かった。とはいえ、この時はまだ家臣だったからな。反目はしなかった。,シュン8,ってことは、関ヶ原でも大活躍だったんじゃない！？,小僧、よく言うじゃねえか。その通り。俺は石田三成隊にいた敵将と一騎打ちして、この自慢の槍で討ち取ってやった。その敵も槍使いだったが、俺に敵う訳がないってもんだ。,シュン8,一騎打ちで勝っちゃうなんてカッコイイ！  関ヶ原の後はどうなったの？,おう、この活躍で俺は黒田家の城主になるんだが、天下一の槍使いの俺は、そんなもんで留まる器じゃねえからよ、出奔して大坂城に入ったぞ。大坂の陣でも暴れに暴れてやったのさ。,俺が得意としていた武器といえば……わかるだろ？,フハハハ、長政よ、これが戦の作法というものじゃ！そこで見ておれ！,フハハハ、長政よ、これが戦の作法というものじゃ！そこで見ておれ！,https://highsto.net/assets/images/cards/ge/後藤又兵衛.webp,東軍,3,1,5,5,4,主君との仲,1,シュン8,又兵衛も言ってたけど、主君の黒田長政とは仲が悪かったみたいだな。嫌なことがあったというよりは、そもそも気が合う性格じゃなかったみたいだ。それにしても一騎打ちして勝っちゃうなんて凄いよな。,下がり藤,470
26,31,第一の功労者,黒田長政,戦国/江戸時代,武士・ｷﾘｼﾀﾝ・東軍・福岡藩,武士・キリシタン・東軍・福岡藩,1568～1623(33/56才),豊前国中津城181000石,筑前国福岡城523000石,5400,陣羽織,サリー2,長政はかつて自分を助けてくれた石田三成に陣羽織を贈ったと言われるわ。,中津城,ジェンキンス2,長政が居城としていた中津城は日本三大水城の一つとされている。,銀箔押一の谷形兜、黒手時代塗本革包菱綴桶側二枚胴具足,ジェンキンス2,長政は兜を福島正則と交換して友好の証にしたようだ。,贋首と陣羽織,大一番の密約,ハマボウ2,黒田長政さんのお父さんって軍師の官兵衛さんだったと思うんですけど、どうして東軍についたんですか？,よく知っておるな。私の父官兵衛は豊臣恩顧で、私自身も石田三成殿に助けてもらったことがあるのだが……、朝鮮の役以降、文治派とは折り合いがつかなくてな、徳川家康殿の養女を娶るなどして、鞍替えを図っていたのだ。,ハマボウ1,なるほど、官兵衛さんの息子らしい……。ということは戦いでも謀略での活躍があったのでは？,その通り、私も父の智謀に倣って西軍の諸将に寝返り工作をした。福島正則を味方につけ、吉川広家、小早川秀秋を裏切らせることにも成功した。戦いは手足だけでなく、頭も使うべきだということだな。,ハマボウ2,凄い、寝返った人たちは皆重要な人ばかりだ……。じゃあ、報酬も多かったんじゃないですか？,その通り。家康殿からは関ヶ原における第一の功労者とされて、筑前国52万石を貰うことになった。そして52万石の太守として相応しいよう、私の故郷の名にあやかって福岡城を建てた。今では九州一の街になっていると聞く。,福岡の街を築いたのは誰か、答えてみよ。,治部殿、申し訳ないが、これも乱世の習い。各々方、あとは密約通り頼みますぞ。,治部殿、申し訳ないが、これも乱世の習い。各々方、あとは密約通り頼みますぞ。,https://highsto.net/assets/images/cards/ge/黒田長政.webp,東軍,5,2,2,3,4,父との差,1,ハマボウ4,長政さんのお父さんの黒田官兵衛に、長政さんは追いつこうと思っていたと聞いたことがあるよ。僕は、もう追いついていたと思うんだけど、皆はどう思う？,黒田藤巴,522
27,27,吹き揚げる信頼,藤堂高虎,戦国/江戸時代,武士・東軍・津藩,武士・東軍・津藩,1556～1630(45/75才),伊予国宇和島城80000石,伊予国今治城200000石,2500,貞秀の太刀,スクナ2,この刀、脇坂安治が持ってるの見た……。昔馴染みだったのね……。,今治城,ジェンキンス2,関ヶ原の直後に高虎が建てた今治城は日本三大水城とされている。,黒手時代塗唐冠形兜、黒手時代塗濃紺威桶側二枚胴,ジェンキンス1,背が高かった高虎は、このような大きい飾りをつけていても邪魔にならなかったようだ。,四国鎮圧,貞秀の太刀,ハマボウ2,藤堂高虎さんは多くの主君に仕えていたと思うんですけど、この時もたまたま東軍についたってことですか？,ほほう、わしの遍歴について知っている者がおるとは。そう、あの時は朝鮮の役や太閤豊臣秀吉殿の死の後に、豊臣家臣団が福島正則らを中心とする武断派と石田三成らを中心とする文治派に分かれていてな、徳川家康殿と親交があったこともあって、東軍につくことを決めたんだ。長年、主を渡り歩いてきた勘というやつかな。,ハマボウ2,たしか、高虎さんは近江国出身でしたよね？,よく知っておるな。わしは関ヶ原の時、同じ近江国出身で同郷だった脇坂安治たちに寝返りを促した。共に大谷吉継を攻撃もしたな。忘れてはいけないのが、わしの領地があった伊予国に攻めてきた毛利輝元の兵を撃退したことだ。,ハマボウ4,関ケ原で戦いながら領国を守らないといけないって大変でしたね。関ヶ原が終わった後はどうなりましたか？,功を認められて、伊予国の今治のあたりを加増されたぞ。今治では層塔型天守と呼ばれる新しい形式の天守閣を試したものだ。共に戦った安治の領地を減封されないように家康殿を説得したことで、貞秀の太刀を送られもしたな。後にわしの領地となる安濃津は三重県の中心地になっていると聞く。,わしが新しく始めた天守閣の形式はなんというかわかるだろうか？,刑部よ、病を押して出てきたようだが、周りが全て寝返ればどうすることもできない？,刑部よ、病を押して出てきたようだが、周りが全て寝返ればどうすることもできまい？,https://highsto.net/assets/images/cards/ge/藤堂高虎.webp,東軍,4,3,3,4,3,築城術,5,ハマボウ3,高虎さんといえば、やっぱり築城技術だ。自分の城だけじゃなくて、江戸城や他の城にも自分で編み出した技術を持ち込んで日本の城の形を変えたんだ。7度主君を変えた処世術にも注目だね。,藤堂蔦,621
28,28,白鷺宰相,池田輝政,戦国/江戸時代,武士・東軍・姫路藩,武士・東軍・姫路藩,1565～1613(36/49才),三河国吉田城150000石,播磨国姫路城520000石,4500,姫路城,ジェンキンス2,この白い城こそ世界遺産になっている姫路城だ。,岐阜禁制の立て看板,サリー1,岐阜城の戦いの後、輝政は乱暴狼藉を禁止するお触れを出したそうよ。,,未定,,岐阜禁制,督姫輿入れ,ハマボウ3,池田輝政さんは、どうして東軍についたんですか？,ふふふふふ、それは私の愛しき嫁が徳川家康殿の娘だからだな。亡き豊臣秀吉様からも厚遇されていたが、それは石田三成殿たちとは関係ないこと。真っ先に東軍に与したぞ。,ハマボウ2,ってことは、関ヶ原の戦いでも活躍したんですか？,いや、私は戦いに参加するというよりも、むしろ殿に近い役割だったぞ。家康殿たちが布陣している場所の後ろ、南宮山に籠っていた吉川広家殿が密約通り動かないよう見張っていたのだ。,ハマボウ1,そういえば、池田輝政さんって姫路城で有名ですよね？,よく知っておるな。嬉しいぞ。関ヶ原での功労から播磨国に加増転封となったのだ。そこで山陽道が通る姫路を政務の中心地とするために、城を大きく改築したのだ。今では日本の城で唯一世界遺産になっておるぞ。,私が改築して、世界遺産となった城はなんだ？,いたずらに勝ち馬を追うのは感心せんなぁ、広家殿。,いたずらに勝ち馬を追うのは感心せんなぁ、広家殿。,https://highsto.net/assets/images/cards/ge/池田輝政.webp,東軍,3,3,2,2,3,徳川との縁,5,ハマボウ1,輝政さんといえば姫路城が有名だけど、あんな城を建てられるぐらいの大きな領国を持てたのは輝政さんの奥さんが家康の娘だったからというのが大きいみたいだ。,備前蝶,427
29,34,忍従の果てに,徳川家康,戦国/江戸時代,武士・東軍・征夷大将軍,武士・東軍・征夷大将軍,1543～1616(58/74才),武蔵国江戸城2550000石,武蔵国江戸城4000000石,30000,厭離穢土欣求浄土,サリー2,2023年の大河ドラマでも度々出てきたこのスローガンは戦乱の世が平和な世に生まれ変わるという意味よ。,還暦を前にして,スクナ2,還暦直前になってようやく昔からの夢を叶える時が来たのね……。,羊歯鍍金前立黒塗大黒頭巾兜、伊予札黒糸威胴丸具足,ジェンキンス2,家康の鎧は何種類か伝わるが、関ヶ原の時には、この具足を使っていたと言われる。,上杉征伐,勝者が歴史,シュン7,徳川家康さんに聞くけど、どうして東軍を作って三成と戦ったんだ？,なかなか難しい質問じゃな。たしかに儂は亡き太閤豊臣秀吉が存命の頃から天下を窺ってはいたが、石田三成らと対立していた訳では無い。さしずめ、武断派と文治派の対立を利用して天下を狙った、というところじゃな。,シュン5,へえ～……東軍の人たちは自分で味方につけたってことか？　やっぱすげえな！,そういうことになるな。野戦が得意な儂は大垣城に籠る三成を関ケ原に引きずり出し、儂に味方した諸将が数々の内応工作をしていたのを知っておったから、儂自ら軍配を取って前線で戦ったぞ。,シュン8,じゃあ天下は家康さんの手で勝ち取ったってことだな！,左様。関ヶ原で勝ったことで儂は全国で一番の権力を持つことになったぞ。戦功を理由にして加増しながらも外様を要地から遠ざけ、要地は譜代で固める差配をして、儂が後に開く江戸幕府の基礎を固めてやったのだ。,関ヶ原から3年後に儂が開いたものはなんじゃ？,不利を知りながら、この儂に挑んでくるとはな……。面白い、受けて立つぞ三成！,不利を知りながら、この儂に挑んでくるとはな…。面白い、受けて立つぞ三成！,https://highsto.net/assets/images/cards/ge/徳川家康.webp,東軍,5,2,4,4,5,兵数,5,シュン5,戦国時代、武将が率いれる兵士の数は領国の石高と関係あるって聞いたことあるけど、やっぱダントツの兵を連れてきた家康さんは、とても広い領域を支配していたってことだな！,徳川・三つ葉葵,481
30,26,若き直鋒,松平忠吉,戦国/江戸時代,武士・東軍・尾張藩,武士・東軍・尾張藩,1580～1607(21/28才),武蔵国忍城100000石,尾張国清洲城520000石,3000,父子の書状,スクナ1,忠吉はお父さんの家康から随分期待されていたみたいだな……。,凛々しい表情,スクナ2,たしかに、この表情、先鋒をやったら素敵な武功を挙げられそう……。ふふふ。,(兜の名称不明)、銀箔置白糸威具足,ジェンキンス1,忠吉は珍しく、銀色に輝く具足を身につけていたようだ。,白銀の初撃,父子の書状,シュン6,忠吉さんは、どうして東軍に？,私は名字こそ違えど、かの徳川家康の息子なのです。兄弟の中では最も正しい器量を備えていたと言われ、父直々に書状を書かれたほど期待されていたのですよ。,シュン7,忠吉さんは福島正則や井伊直政さんと先陣争いをしたんでしょ？,そうですよ。まだ若かった私は関ヶ原が初陣だったのですが、福島正則さんや舅の井伊直政殿と霧の中で先陣争いをしました。関ヶ原を通して戦い続けたのですが、最後、島津豊久の決死の攻撃で負傷させられてしまいましたね……。,シュン7,え？  大丈夫だったの？,ええ……その時は……。関ヶ原での軍功から、いわゆる尾張藩の初代藩主に任じられたんです。その時はまだ織田信長公が拠点にしていた清洲に中心街があったんですよ。……でも、結局関ヶ原での傷が元で早死することになってしまいました……。,私の鎧の色は何色だったか、わかりますか？,舅殿！  この忠吉、徳川の先鋒の役目、立派にやり遂げて見せましょうぞ！,舅殿！この忠吉、徳川の先鋒の役目、立派にやり遂げて見せましょうぞ！,https://highsto.net/assets/images/cards/ge/松平忠吉.webp,東軍,3,5,5,3,3,期待,5,シュン8,話を聞いた感じ、とても礼儀正しくて、家康が言った通り長生きしていたら知恵も武力も凄い人になっていたと思うぜ。家康が期待してたのもわかるな。,徳川・三つ葉葵,434
31,33,百世の鑑,井伊直政,戦国時代,武士・東軍・彦根藩,武士・東軍・彦根藩,1561～1602(40/42才),上野国高崎城120000石,近江国佐和山城180000石,3600,友から借りた兵,スクナ1,急遽出撃することになった直政は、長年の戦友、本多忠勝から兵を借りたそうだ。,小柄な体,サリー2,井伊直政は徳川四天王の中でも小柄だったと伝わるわ。でもその功績はとても大きかったのよ。,天衝脇立兜、朱漆塗紺糸威桶側二枚胴具足,ジェンキンス1,直政は軍装を赤で統一した、井伊の赤備えと呼ばれる部隊を率いていた。,疾風赤備え,満身功名,シュン6,直政さんは、どうして東軍に？,酒井忠次殿、本多忠勝殿、榊原康政殿と合わせて徳川四天王と呼ばれた拙者は、元々は外様だったのでござるが、25年の長きにわたって功を挙げて譜代になったのでござるよ。そして譜代の筆頭として関ケ原に向かったのでござる。,シュン7,関ヶ原では、先陣を争ったんだよね？,いかにも。関ヶ原では譜代の筆頭として誰よりも功を挙げるべく、先陣から追撃まで果たしてござる。関ヶ原を駆け巡った拙者には、護衛もついてくるのがやっとでござった。赤備えもまだまだでござるな。鍛え直さねば。,シュン7,井伊といえば、彦根城だよね？,よく知っているでござるな。石田三成が居城にしていた佐和山城に転封になったでござる。この城は後に彦根城を建てる時に資材にされるのでござるよ。もっとも、日頃の疲れからか、それを見る前に、この世を去ってしまったのでござるが……。,拙者の井伊隊は何色の軍装が特徴だったかわかるでござるか？,徳川の先鋒は常に井伊であるべし。外様に譲る訳には参らぬ！,徳川の先鋒は常に井伊であるべし。外様に譲る訳には参らぬ！,https://highsto.net/assets/images/cards/ge/井伊直政.webp,東軍,3,5,5,4,5,誇り,5,シュン8,直政は家康に取り立ててもらったから、外様なのにいつも先陣を張って傷だらけになりながらも頑張ったんだって。話した時も家康一の家臣になるっていう勢いがあってすごかったな。,彦根橘,472
32,29,無敵の寡戦,本多忠勝,戦国/江戸時代,武士・東軍・桑名藩,武士・東軍・桑名藩,1548～1610(53/63才),上総国大多喜城100000石,伊勢国桑名城100000石,500,友に貸した兵,スクナ2,病気なのに出撃しようとする井伊直政に、自分の兵を貸してあげたんだって……。,蜻蛉切,ジェンキンス1,この槍は蜻蛉が穂先に乗った時の重さだけで切れるほど鋭かったという。,鹿角脇立兜、牛皮小札黒糸威具足、金の数珠,ジェンキンス2,その名の通り、鹿の角のような脇立が特徴的だ。金の数珠からは強い信仰心が伺える。,三国黒,歴戦の友,シオリン6,本多忠勝さんは、どうして東軍についたの？,俺は、井伊直政の野郎と並んで徳川四天王だからな。特に俺の家は昔っから徳川家の配下だったからよ、徳川家康様についていく以外に考えはないってもんだな。中山道の方はもう一人の四天王、榊原康政に任せたぞ。,シオリン6,忠勝さんは関ヶ原でどんな活躍をしたの？,まずは直政と協力して西軍のヤツらに寝返りを促す書状を送ったことだな。戦いそのものは、病気なのに関ケ原に行こうとする直政に兵を貸したから、大した活躍は出来なかったが、500人の兵で90も首級を挙げてやったぞ。,シオリン8,凄いわ忠勝さん！  関ヶ原の後はどうなったの？,旧領の大多喜は息子の忠朝にやり、俺は桑名に転封になったぞ。桑名に行ってからは、老い先長くないと思って桑名に集中することにしてな、東海道の宿場として整備してやったぞ。俺が死んだ後にはお伊勢参りってのが流行ったらしいな。,俺が肩から提げていたのは何か、答えてみろ！,病身でも大戦に臨まんとする、その心意気や良し！  直政よ、俺の兵を連れていけ！,病身でも大戦に臨まんとする、その心意気や良し！直政よ、俺の兵を連れて行け！,https://highsto.net/assets/images/cards/ge/本多忠勝.webp,東軍,3,5,4,5,5,傷の数,1,シオリン7,やっぱり、57回も戦いに行って一度も傷を負わなかったって普通にヤバいと思わない？  この人がずっと忠誠を誓っていたなんて家康からしたらありがたかったと思うわ。私も拝んだら無敵になれるかしら。,本多立ち葵,487
33,22,蜻蛉は酒虫か,本多忠朝,戦国/江戸時代,武士・東軍・大多喜藩,武士・東軍・大多喜藩,1582～1615(19/34才),本多忠勝の家臣,上総国大多喜城50000石,本多忠勝麾下,酒の瓶,サトリ1,アナタ、酒は呑み過ぎると後で大変なことになるわよ？,鹿の子,スクナ2,ふふふ、お前、しかのこなのね……。,,未定,,無敵を懸けた初陣,ー,シオリン6,本多忠朝さんは、どうして東軍についたの？,おいらは無敵と呼ばれたあの本多忠勝の息子だかんな、親父に付いて来いって言われたら行くっきゃないって訳さ。親父についていれば勝利は間違いないもんな！,シオリン5,…………関ヶ原では、どんな活躍をしたの？,おいらは実はこの戦いが初陣だったんだ。親父は井伊直政さんに兵を貸しちゃったから、おいらたちの兵は少なかったけど、それでも敵をバッタバッタと薙ぎ倒してやったんだぜ！  さ、ささ酒は呑んでないよ！,シオリン5,……怪しい……。それで、関ヶ原の後は？,おいらは親父の旧領、房総半島の大多喜をもらったんだぜ。んで、関ヶ原の14年後、大坂の陣に徳川を代表する武将として出撃するんだけど……、どうなったかは酔っ払ってて覚えてないや！,おいらの手に持ってる、コレはなーんだ？,無敵の親父の息子なんだ、こんな戦、酒を呑んでても余裕だい！,無敵の親父の息子なんだ、こんな戦、酒を呑んでても余裕だい！,https://highsto.net/assets/images/cards/ge/本多忠朝.webp,東軍,1,4,4,3,3,優しさ,5,シオリン7,忠朝さんは関ヶ原の後に領地になった房総半島にいた時、たまたま漂流してきた外国の人を温かく迎えたり、お父さんの遺産をお兄さんにあげようとしたりした優しい人だったのよ。,本多立ち葵,416
34,18,日陰の影擬き,本多正純,戦国/江戸時代,武士・東軍・宇都宮藩,武士・東軍・宇都宮藩,1565～1637(36/73才),本多正信の家臣,本多正信の家臣,徳川家康麾下,日陰の未来？,サトリ1,アナタ、遠い未来で、何か大きな過ちをしそうね。気をつけた方がいいわ。,父とよく似た子,スクナ1,この格好……岡崎で見たことあるな。正信の子か。,,未定,,加増は三万石まで,ー,ハマボウ3,本多正純さんは、どうして東軍についたんですか？,私の父は本多正信というのですが、過去に一向一揆があった時に徳川家を裏切ったりもしているのです。それでもかの徳川家康様は許して下さり、我ら親子を傍に置いてくれた……。その恩に報いようと日頃から思って過ごしていたのです。,ハマボウ1,なるほど……、関ヶ原ではどんな活躍を？,お恥ずかしながら、私は父が中山道の秀忠様の補佐に向かったので、代わりに家康様の本陣に居ただけで、何の活躍も出来なかったのです。でも、戦後、敗将となった石田三成の身柄を預かったりしたんですよ。,ハマボウ1,……もしかして、家康さんからの信頼厚かったんじゃないですか？,よくわかったね。父共々家康様には重用して頂いて、下野国に所領を頂いたよ。でも周りから嫉妬されることも多くて、そのせいで失脚させられちゃうんだよね……。父上……言いつけ、守れません……でした……っ。,私の父は誰か、わかるかい？,秀忠様の遅参は我が父の責ゆえ、我ら親子を罰し賜りますよう……。,秀忠様の遅参は我が父の責ゆえ、我ら親子を罰し賜りますよう…。,https://highsto.net/assets/images/cards/ge/本多正純.webp,東軍,4,3,3,1,2,やっかみ,5,ハマボウ4,関ヶ原の時はまだそこまでではなかったみたいだけど、家康の側近として優遇されていたお父さんの正信が死ぬと、周りの恨みを全部受けることになっちゃったみたいだね。お父さんなら上手く切り抜けたのかな？,本多立ち葵,482